Warte auf Antwort von Gemini...
Guard: coverage=1.00, overlap=1.00, decision=pass
Antwort gespeichert. Nächster Durchgang...
Warte auf Antwort von Gemini...
Guard: coverage=1.00, overlap=1.00, decision=pass
Antwort gespeichert. Nächster Durchgang...
Warte auf Antwort von Gemini...
Guard: coverage=1.00, overlap=1.00, decision=pass
Antwort gespeichert. Nächster Durchgang...
Warte auf Antwort von Gemini...
Guard: coverage=1.00, overlap=1.00, decision=pass
Antwort gespeichert. Nächster Durchgang...
Warte auf Antwort von Gemini...
Guard: coverage=1.00, overlap=1.00, decision=pass
Erfolg: 5 Datensätze in tafsir_analysis_katheer eingefügt.
Erfolg: 41 Blocks in tafsir_analysis_katheer_blocks eingefügt.
Erfolg: 81 Chunks in tafsir_analysis_katheer_chunks eingefügt.
Antwort gespeichert. Nächster Durchgang...
Antwort gespeichert. Nächster Durchgang...
Warte auf Antwort von Gemini...
Guard: coverage=1.00, overlap=1.00, decision=pass
Antwort gespeichert. Nächster Durchgang...
Warte auf Antwort von Gemini...
Guard: coverage=1.00, overlap=1.00, decision=pass
Antwort gespeichert. Nächster Durchgang...
Warte auf Antwort von Gemini...
Guard: coverage=1.00, overlap=1.00, decision=pass
Antwort gespeichert. Nächster Durchgang...
Warte auf Antwort von Gemini...
Guard: coverage=1.00, overlap=1.00, decision=pass
Antwort gespeichert. Nächster Durchgang...
Warte auf Antwort von Gemini...
Guard: coverage=1.00, overlap=1.00, decision=pass
Erfolg: 5 Datensätze in tafsir_analysis_katheer eingefügt.
Erfolg: 28 Blocks in tafsir_analysis_katheer_blocks eingefügt.
Erfolg: 29 Chunks in tafsir_analysis_katheer_chunks eingefügt.
Antwort gespeichert. Nächster Durchgang...
Antwort gespeichert. Nächster Durchgang...
Warte auf Antwort von Gemini...
Guard: coverage=1.00, overlap=1.00, decision=pass
Antwort gespeichert. Nächster Durchgang...
Warte auf Antwort von Gemini...
Guard: coverage=1.00, overlap=1.00, decision=pass
Antwort gespeichert. Nächster Durchgang...
Warte auf Antwort von Gemini...
Guard: coverage=1.00, overlap=1.00, decision=pass
Antwort gespeichert. Nächster Durchgang...
Warte auf Antwort von Gemini...
Guard: coverage=1.00, overlap=1.00, decision=pass
Antwort gespeichert. Nächster Durchgang...
Warte auf Antwort von Gemini...
Guard: coverage=1.00, overlap=1.00, decision=pass
Erfolg: 5 Datensätze in tafsir_analysis_katheer eingefügt.
Erfolg: 24 Blocks in tafsir_analysis_katheer_blocks eingefügt.
Erfolg: 34 Chunks in tafsir_analysis_katheer_chunks eingefügt.
Antwort gespeichert. Nächster Durchgang...
Antwort gespeichert. Nächster Durchgang...
Warte auf Antwort von Gemini...
Guard: coverage=1.00, overlap=1.00, decision=pass
Antwort gespeichert. Nächster Durchgang...
Warte auf Antwort von Gemini...
Guard: coverage=1.00, overlap=1.00, decision=pass
Antwort gespeichert. Nächster Durchgang...
Warte auf Antwort von Gemini...
Guard: coverage=1.00, overlap=1.00, decision=pass
Antwort gespeichert. Nächster Durchgang...
Warte auf Antwort von Gemini...
Guard: coverage=1.00, overlap=1.00, decision=pass
Antwort gespeichert. Nächster Durchgang...
Warte auf Antwort von Gemini...
Guard: coverage=1.00, overlap=1.00, decision=pass
Erfolg: 5 Datensätze in tafsir_analysis_katheer eingefügt.
Erfolg: 23 Blocks in tafsir_analysis_katheer_blocks eingefügt.
Erfolg: 52 Chunks in tafsir_analysis_katheer_chunks eingefügt.
Antwort gespeichert. Nächster Durchgang...
Antwort gespeichert. Nächster Durchgang...
Warte auf Antwort von Gemini...
Guard: coverage=1.00, overlap=0.99, decision=pass
Antwort gespeichert. Nächster Durchgang...
Warte auf Antwort von Gemini...
Guard: coverage=1.00, overlap=1.00, decision=pass
Antwort gespeichert. Nächster Durchgang...
Warte auf Antwort von Gemini...
Guard: coverage=1.00, overlap=1.00, decision=pass
Antwort gespeichert. Nächster Durchgang...
Warte auf Antwort von Gemini...
Guard: coverage=1.00, overlap=1.00, decision=pass
Antwort gespeichert. Nächster Durchgang...
Warte auf Antwort von Gemini...
Guard: coverage=1.00, overlap=1.00, decision=pass
Erfolg: 5 Datensätze in tafsir_analysis_katheer eingefügt.
Erfolg: 25 Blocks in tafsir_analysis_katheer_blocks eingefügt.
Erfolg: 45 Chunks in tafsir_analysis_katheer_chunks eingefügt.
Antwort gespeichert. Nächster Durchgang...
Antwort gespeichert. Nächster Durchgang...
Warte auf Antwort von Gemini...
Guard: coverage=1.00, overlap=1.00, decision=pass
Antwort gespeichert. Nächster Durchgang...
Warte auf Antwort von Gemini...
Guard: coverage=1.00, overlap=1.00, decision=pass
Antwort gespeichert. Nächster Durchgang...
Warte auf Antwort von Gemini...
Guard: coverage=1.00, overlap=1.00, decision=pass
Antwort gespeichert. Nächster Durchgang...
Warte auf Antwort von Gemini...
Guard: coverage=1.00, overlap=1.00, decision=pass
Antwort gespeichert. Nächster Durchgang...
Warte auf Antwort von Gemini...
Guard: coverage=1.00, overlap=1.00, decision=pass
Erfolg: 5 Datensätze in tafsir_analysis_katheer eingefügt.
Erfolg: 13 Blocks in tafsir_analysis_katheer_blocks eingefügt.
Erfolg: 38 Chunks in tafsir_analysis_katheer_chunks eingefügt.
Antwort gespeichert. Nächster Durchgang...
Antwort gespeichert. Nächster Durchgang...
Warte auf Antwort von Gemini...
Guard: coverage=0.99, overlap=0.98, decision=pass
Antwort gespeichert. Nächster Durchgang...
Warte auf Antwort von Gemini...
Guard: coverage=0.99, overlap=0.99, decision=pass
Antwort gespeichert. Nächster Durchgang...
Warte auf Antwort von Gemini...
Guard: coverage=1.00, overlap=0.99, decision=pass
Antwort gespeichert. Nächster Durchgang...
Warte auf Antwort von Gemini...
Guard: coverage=1.00, overlap=1.00, decision=pass
Antwort gespeichert. Nächster Durchgang...
Warte auf Antwort von Gemini...
Guard: coverage=1.00, overlap=1.00, decision=pass
Erfolg: 5 Datensätze in tafsir_analysis_katheer eingefügt.
Erfolg: 12 Blocks in tafsir_analysis_katheer_blocks eingefügt.
Erfolg: 43 Chunks in tafsir_analysis_katheer_chunks eingefügt.
Antwort gespeichert. Nächster Durchgang...
Antwort gespeichert. Nächster Durchgang...
Warte auf Antwort von Gemini...
Guard: coverage=0.99, overlap=0.96, decision=pass
Antwort gespeichert. Nächster Durchgang...
Warte auf Antwort von Gemini...
Guard: coverage=0.96, overlap=0.91, decision=pass
Antwort gespeichert. Nächster Durchgang...
Warte auf Antwort von Gemini...
Guard: coverage=0.96, overlap=0.88, decision=pass
Antwort gespeichert. Nächster Durchgang...
Warte auf Antwort von Gemini...
Guard: coverage=0.97, overlap=0.94, decision=pass
Antwort gespeichert. Nächster Durchgang...
Warte auf Antwort von Gemini...
Guard: coverage=1.00, overlap=1.00, decision=pass
Erfolg: 5 Datensätze in tafsir_analysis_katheer eingefügt.
Erfolg: 36 Blocks in tafsir_analysis_katheer_blocks eingefügt.
Erfolg: 90 Chunks in tafsir_analysis_katheer_chunks eingefügt.
Antwort gespeichert. Nächster Durchgang...
Antwort gespeichert. Nächster Durchgang...
Warte auf Antwort von Gemini...
Guard: coverage=1.00, overlap=1.00, decision=pass
Antwort gespeichert. Nächster Durchgang...
Warte auf Antwort von Gemini...
Guard: coverage=1.00, overlap=1.00, decision=pass
Antwort gespeichert. Nächster Durchgang...
Warte auf Antwort von Gemini...
Guard: coverage=1.00, overlap=1.00, decision=pass
Antwort gespeichert. Nächster Durchgang...
Warte auf Antwort von Gemini...
Guard: coverage=1.00, overlap=1.00, decision=pass
Antwort gespeichert. Nächster Durchgang...
Warte auf Antwort von Gemini...
Guard: coverage=1.00, overlap=0.99, decision=pass
Erfolg: 5 Datensätze in tafsir_analysis_katheer eingefügt.
Erfolg: 45 Blocks in tafsir_analysis_katheer_blocks eingefügt.
Erfolg: 102 Chunks in tafsir_analysis_katheer_chunks eingefügt.
Antwort gespeichert. Nächster Durchgang...
Antwort gespeichert. Nächster Durchgang...
Warte auf Antwort von Gemini...
Guard: coverage=1.00, overlap=1.00, decision=pass
Antwort gespeichert. Nächster Durchgang...
Warte auf Antwort von Gemini...
Guard: coverage=1.00, overlap=1.00, decision=pass
Antwort gespeichert. Nächster Durchgang...
Warte auf Antwort von Gemini...
Guard: coverage=1.00, overlap=1.00, decision=pass
Antwort gespeichert. Nächster Durchgang...
Warte auf Antwort von Gemini...
Guard: coverage=1.00, overlap=0.99, decision=pass
Antwort gespeichert. Nächster Durchgang...
Warte auf Antwort von Gemini...
Guard: coverage=1.00, overlap=1.00, decision=pass
Erfolg: 5 Datensätze in tafsir_analysis_katheer eingefügt.
Erfolg: 44 Blocks in tafsir_analysis_katheer_blocks eingefügt.
Erfolg: 121 Chunks in tafsir_analysis_katheer_chunks eingefügt.
Antwort gespeichert. Nächster Durchgang...
Antwort gespeichert. Nächster Durchgang...
Warte auf Antwort von Gemini...
Guard: coverage=1.00, overlap=1.00, decision=pass
Antwort gespeichert. Nächster Durchgang...
Warte auf Antwort von Gemini...
Guard: coverage=0.99, overlap=0.96, decision=pass
Antwort gespeichert. Nächster Durchgang...
Warte auf Antwort von Gemini...
Guard: coverage=1.00, overlap=1.00, decision=pass
Antwort gespeichert. Nächster Durchgang...
Warte auf Antwort von Gemini...
Guard: coverage=0.98, overlap=0.94, decision=pass
Antwort gespeichert. Nächster Durchgang...
Warte auf Antwort von Gemini...
Guard: coverage=0.99, overlap=0.96, decision=pass
Erfolg: 5 Datensätze in tafsir_analysis_katheer eingefügt.
Erfolg: 56 Blocks in tafsir_analysis_katheer_blocks eingefügt.
Erfolg: 139 Chunks in tafsir_analysis_katheer_chunks eingefügt.
Antwort gespeichert. Nächster Durchgang...
Antwort gespeichert. Nächster Durchgang...
Warte auf Antwort von Gemini...
Guard: coverage=1.00, overlap=1.00, decision=pass
Antwort gespeichert. Nächster Durchgang...
Warte auf Antwort von Gemini...
Guard: coverage=1.00, overlap=1.00, decision=pass
Antwort gespeichert. Nächster Durchgang...
Warte auf Antwort von Gemini...
Guard: coverage=1.00, overlap=1.00, decision=pass
Antwort gespeichert. Nächster Durchgang...
Warte auf Antwort von Gemini...
Guard: coverage=1.00, overlap=1.00, decision=pass
Antwort gespeichert. Nächster Durchgang...
Warte auf Antwort von Gemini...
Guard: coverage=1.00, overlap=0.99, decision=pass
Erfolg: 5 Datensätze in tafsir_analysis_katheer eingefügt.
Erfolg: 41 Blocks in tafsir_analysis_katheer_blocks eingefügt.
Erfolg: 189 Chunks in tafsir_analysis_katheer_chunks eingefügt.
Antwort gespeichert. Nächster Durchgang...
Antwort gespeichert. Nächster Durchgang...
Warte auf Antwort von Gemini...
Guard: coverage=1.00, overlap=1.00, decision=pass
Antwort gespeichert. Nächster Durchgang...
Warte auf Antwort von Gemini...
Guard: coverage=1.00, overlap=1.00, decision=pass
Antwort gespeichert. Nächster Durchgang...
Warte auf Antwort von Gemini...
Guard: coverage=1.00, overlap=1.00, decision=pass
Antwort gespeichert. Nächster Durchgang...
Warte auf Antwort von Gemini...
Guard: coverage=1.00, overlap=1.00, decision=pass
Antwort gespeichert. Nächster Durchgang...
Warte auf Antwort von Gemini...
Guard: coverage=1.00, overlap=1.00, decision=pass
Erfolg: 5 Datensätze in tafsir_analysis_katheer eingefügt.
Erfolg: 26 Blocks in tafsir_analysis_katheer_blocks eingefügt.
Erfolg: 75 Chunks in tafsir_analysis_katheer_chunks eingefügt.
Antwort gespeichert. Nächster Durchgang...
Antwort gespeichert. Nächster Durchgang...
Warte auf Antwort von Gemini...
Guard: coverage=1.00, overlap=1.00, decision=pass
Antwort gespeichert. Nächster Durchgang...
Warte auf Antwort von Gemini...
Guard: coverage=1.00, overlap=1.00, decision=pass
Antwort gespeichert. Nächster Durchgang...
Warte auf Antwort von Gemini...
Guard: coverage=1.00, overlap=1.00, decision=pass
Antwort gespeichert. Nächster Durchgang...
Warte auf Antwort von Gemini...
Guard: coverage=1.00, overlap=1.00, decision=pass
Antwort gespeichert. Nächster Durchgang...
Warte auf Antwort von Gemini...
Guard: coverage=1.00, overlap=1.00, decision=pass
Erfolg: 5 Datensätze in tafsir_analysis_katheer eingefügt.
Erfolg: 27 Blocks in tafsir_analysis_katheer_blocks eingefügt.
Erfolg: 52 Chunks in tafsir_analysis_katheer_chunks eingefügt.
Antwort gespeichert. Nächster Durchgang...
Antwort gespeichert. Nächster Durchgang...
Warte auf Antwort von Gemini...
Guard: coverage=1.00, overlap=1.00, decision=pass
Antwort gespeichert. Nächster Durchgang...
Warte auf Antwort von Gemini...
Guard: coverage=1.00, overlap=1.00, decision=pass
Antwort gespeichert. Nächster Durchgang...
Warte auf Antwort von Gemini...
Guard: coverage=1.00, overlap=1.00, decision=pass
Antwort gespeichert. Nächster Durchgang...
Warte auf Antwort von Gemini...
Guard: coverage=1.00, overlap=1.00, decision=pass
Antwort gespeichert. Nächster Durchgang...
Warte auf Antwort von Gemini...
Guard: coverage=1.00, overlap=1.00, decision=pass
Erfolg: 5 Datensätze in tafsir_analysis_katheer eingefügt.
Erfolg: 42 Blocks in tafsir_analysis_katheer_blocks eingefügt.
Erfolg: 72 Chunks in tafsir_analysis_katheer_chunks eingefügt.
Antwort gespeichert. Nächster Durchgang...
Antwort gespeichert. Nächster Durchgang...
Warte auf Antwort von Gemini...
Kein Code gefunden. Run wird pausiert, erneuter Versuch startet mit nächstem Durchlauf.
Warte auf Antwort von Gemini...
Guard: coverage=1.00, overlap=0.99, decision=pass
Antwort gespeichert. Nächster Durchgang...
Warte auf Antwort von Gemini...
Guard: coverage=0.98, overlap=0.94, decision=pass
Antwort gespeichert. Nächster Durchgang...
Warte auf Antwort von Gemini...
Guard: coverage=0.98, overlap=0.95, decision=pass
Antwort gespeichert. Nächster Durchgang...
Warte auf Antwort von Gemini...
Guard: coverage=0.99, overlap=0.98, decision=pass
Erfolg: 4 Datensätze in tafsir_analysis_katheer eingefügt.
Erfolg: 28 Blocks in tafsir_analysis_katheer_blocks eingefügt.
Erfolg: 85 Chunks in tafsir_analysis_katheer_chunks eingefügt.
Antwort gespeichert. Nächster Durchgang...
Antwort gespeichert. Nächster Durchgang...
Warte auf Antwort von Gemini...
Guard: coverage=1.00, overlap=0.99, decision=pass
Antwort gespeichert. Nächster Durchgang...
Warte auf Antwort von Gemini...
Guard: coverage=1.00, overlap=1.00, decision=pass
Antwort gespeichert. Nächster Durchgang...
Warte auf Antwort von Gemini...
Guard: coverage=1.00, overlap=1.00, decision=pass
Antwort gespeichert. Nächster Durchgang...
Warte auf Antwort von Gemini...
Guard: coverage=1.00, overlap=0.98, decision=pass
Antwort gespeichert. Nächster Durchgang...
Warte auf Antwort von Gemini...
Guard: coverage=1.00, overlap=1.00, decision=pass
Erfolg: 5 Datensätze in tafsir_analysis_katheer eingefügt.
Erfolg: 69 Blocks in tafsir_analysis_katheer_blocks eingefügt.
Erfolg: 179 Chunks in tafsir_analysis_katheer_chunks eingefügt.
Antwort gespeichert. Nächster Durchgang...
Antwort gespeichert. Nächster Durchgang...
Warte auf Antwort von Gemini...
Guard: coverage=1.00, overlap=0.99, decision=pass
Antwort gespeichert. Nächster Durchgang...
Warte auf Antwort von Gemini...
Guard: coverage=1.00, overlap=1.00, decision=pass
Antwort gespeichert. Nächster Durchgang...
Warte auf Antwort von Gemini...
Guard: coverage=1.00, overlap=1.00, decision=pass
Antwort gespeichert. Nächster Durchgang...
Warte auf Antwort von Gemini...
Guard: coverage=1.00, overlap=1.00, decision=pass
Antwort gespeichert. Nächster Durchgang...
Warte auf Antwort von Gemini...
Guard: coverage=1.00, overlap=1.00, decision=pass
Erfolg: 5 Datensätze in tafsir_analysis_katheer eingefügt.
Erfolg: 54 Blocks in tafsir_analysis_katheer_blocks eingefügt.
Erfolg: 139 Chunks in tafsir_analysis_katheer_chunks eingefügt.
Antwort gespeichert. Nächster Durchgang...
Antwort gespeichert. Nächster Durchgang...
Warte auf Antwort von Gemini...
Guard: coverage=0.99, overlap=0.95, decision=pass
Antwort gespeichert. Nächster Durchgang...
Warte auf Antwort von Gemini...
Guard: coverage=0.99, overlap=0.96, decision=pass
Antwort gespeichert. Nächster Durchgang...
Warte auf Antwort von Gemini...
Guard: coverage=1.00, overlap=0.98, decision=pass
Antwort gespeichert. Nächster Durchgang...
Warte auf Antwort von Gemini...
Guard: coverage=0.99, overlap=0.98, decision=pass
Antwort gespeichert. Nächster Durchgang...
Warte auf Antwort von Gemini...
Guard: coverage=1.00, overlap=0.99, decision=pass
Erfolg: 5 Datensätze in tafsir_analysis_katheer eingefügt.
Erfolg: 32 Blocks in tafsir_analysis_katheer_blocks eingefügt.
Erfolg: 108 Chunks in tafsir_analysis_katheer_chunks eingefügt.
Antwort gespeichert. Nächster Durchgang...
Antwort gespeichert. Nächster Durchgang...
Warte auf Antwort von Gemini...
Guard: coverage=0.96, overlap=0.89, decision=pass
Antwort gespeichert. Nächster Durchgang...
Warte auf Antwort von Gemini...
Guard: coverage=0.98, overlap=0.94, decision=pass
Antwort gespeichert. Nächster Durchgang...
Warte auf Antwort von Gemini...
Guard: coverage=0.97, overlap=0.94, decision=pass
Antwort gespeichert. Nächster Durchgang...
Warte auf Antwort von Gemini...
Guard: coverage=0.97, overlap=0.95, decision=pass
Antwort gespeichert. Nächster Durchgang...
Warte auf Antwort von Gemini...
Guard: coverage=1.00, overlap=1.00, decision=pass
Erfolg: 5 Datensätze in tafsir_analysis_katheer eingefügt.
Erfolg: 62 Blocks in tafsir_analysis_katheer_blocks eingefügt.
Erfolg: 62 Chunks in tafsir_analysis_katheer_chunks eingefügt.
Antwort gespeichert. Nächster Durchgang...
Antwort gespeichert. Nächster Durchgang...
Warte auf Antwort von Gemini...
Guard: coverage=1.00, overlap=1.00, decision=pass
Antwort gespeichert. Nächster Durchgang...
Warte auf Antwort von Gemini...
Guard: coverage=1.00, overlap=0.99, decision=pass
Antwort gespeichert. Nächster Durchgang...
Warte auf Antwort von Gemini...
Guard: coverage=1.00, overlap=1.00, decision=pass
Antwort gespeichert. Nächster Durchgang...
Warte auf Antwort von Gemini...
Guard: coverage=1.00, overlap=0.99, decision=pass
Antwort gespeichert. Nächster Durchgang...
Warte auf Antwort von Gemini...
Guard: coverage=1.00, overlap=1.00, decision=pass
Erfolg: 5 Datensätze in tafsir_analysis_katheer eingefügt.
Erfolg: 20 Blocks in tafsir_analysis_katheer_blocks eingefügt.
Erfolg: 40 Chunks in tafsir_analysis_katheer_chunks eingefügt.
Antwort gespeichert. Nächster Durchgang...
Antwort gespeichert. Nächster Durchgang...
Warte auf Antwort von Gemini...
Guard: coverage=1.00, overlap=1.00, decision=pass
Antwort gespeichert. Nächster Durchgang...
Warte auf Antwort von Gemini...
Guard: coverage=1.00, overlap=1.00, decision=pass
Antwort gespeichert. Nächster Durchgang...
Warte auf Antwort von Gemini...
Guard: coverage=1.00, overlap=0.99, decision=pass
Antwort gespeichert. Nächster Durchgang...
Warte auf Antwort von Gemini...
Guard: coverage=1.00, overlap=0.99, decision=pass
Antwort gespeichert. Nächster Durchgang...
Warte auf Antwort von Gemini...
Guard: coverage=1.00, overlap=1.00, decision=pass
Erfolg: 5 Datensätze in tafsir_analysis_katheer eingefügt.
Erfolg: 30 Blocks in tafsir_analysis_katheer_blocks eingefügt.
Erfolg: 89 Chunks in tafsir_analysis_katheer_chunks eingefügt.
Antwort gespeichert. Nächster Durchgang...
Antwort gespeichert. Nächster Durchgang...
Warte auf Antwort von Gemini...
Guard: coverage=1.00, overlap=1.00, decision=pass
Antwort gespeichert. Nächster Durchgang...
Warte auf Antwort von Gemini...
Guard: coverage=1.00, overlap=0.99, decision=pass
Antwort gespeichert. Nächster Durchgang...
Warte auf Antwort von Gemini...
Guard: coverage=1.00, overlap=1.00, decision=pass
Antwort gespeichert. Nächster Durchgang...
Warte auf Antwort von Gemini...
Guard: coverage=1.00, overlap=0.99, decision=pass
Antwort gespeichert. Nächster Durchgang...
Warte auf Antwort von Gemini...
Guard: coverage=1.00, overlap=0.99, decision=pass
Erfolg: 5 Datensätze in tafsir_analysis_katheer eingefügt.
Erfolg: 49 Blocks in tafsir_analysis_katheer_blocks eingefügt.
Erfolg: 110 Chunks in tafsir_analysis_katheer_chunks eingefügt.
Antwort gespeichert. Nächster Durchgang...
Antwort gespeichert. Nächster Durchgang...
Warte auf Antwort von Gemini...
Guard: coverage=1.00, overlap=1.00, decision=pass
Antwort gespeichert. Nächster Durchgang...
Warte auf Antwort von Gemini...
Guard: coverage=1.00, overlap=0.99, decision=pass
Antwort gespeichert. Nächster Durchgang...
Warte auf Antwort von Gemini...
Guard: coverage=0.99, overlap=0.97, decision=pass
Antwort gespeichert. Nächster Durchgang...
Warte auf Antwort von Gemini...
Guard: coverage=0.99, overlap=0.97, decision=pass
Antwort gespeichert. Nächster Durchgang...
Warte auf Antwort von Gemini...
Guard: coverage=1.00, overlap=1.00, decision=pass
Erfolg: 5 Datensätze in tafsir_analysis_katheer eingefügt.
Erfolg: 38 Blocks in tafsir_analysis_katheer_blocks eingefügt.
Erfolg: 83 Chunks in tafsir_analysis_katheer_chunks eingefügt.
Antwort gespeichert. Nächster Durchgang...
Antwort gespeichert. Nächster Durchgang...
Warte auf Antwort von Gemini...
Guard: coverage=1.00, overlap=1.00, decision=pass
Antwort gespeichert. Nächster Durchgang...
Warte auf Antwort von Gemini...
Guard: coverage=0.99, overlap=0.96, decision=pass
Antwort gespeichert. Nächster Durchgang...
Warte auf Antwort von Gemini...
Guard: coverage=1.00, overlap=1.00, decision=pass
Antwort gespeichert. Nächster Durchgang...
Warte auf Antwort von Gemini...
Guard: coverage=0.99, overlap=0.95, decision=pass
Antwort gespeichert. Nächster Durchgang...
Warte auf Antwort von Gemini...
Guard: coverage=1.00, overlap=1.00, decision=pass
Erfolg: 5 Datensätze in tafsir_analysis_katheer eingefügt.
Erfolg: 17 Blocks in tafsir_analysis_katheer_blocks eingefügt.
Erfolg: 41 Chunks in tafsir_analysis_katheer_chunks eingefügt.
Antwort gespeichert. Nächster Durchgang...
Antwort gespeichert. Nächster Durchgang...
Warte auf Antwort von Gemini...
Guard: coverage=1.00, overlap=0.98, decision=pass
Antwort gespeichert. Nächster Durchgang...
Warte auf Antwort von Gemini...
Guard: coverage=1.00, overlap=0.97, decision=pass
Antwort gespeichert. Nächster Durchgang...
Warte auf Antwort von Gemini...
Guard: coverage=0.99, overlap=0.98, decision=pass
Antwort gespeichert. Nächster Durchgang...
Warte auf Antwort von Gemini...
Guard: coverage=1.00, overlap=1.00, decision=pass
Antwort gespeichert. Nächster Durchgang...
Warte auf Antwort von Gemini...
Guard: coverage=1.00, overlap=1.00, decision=pass
Erfolg: 5 Datensätze in tafsir_analysis_katheer eingefügt.
Erfolg: 29 Blocks in tafsir_analysis_katheer_blocks eingefügt.
Erfolg: 55 Chunks in tafsir_analysis_katheer_chunks eingefügt.
Antwort gespeichert. Nächster Durchgang...
Antwort gespeichert. Nächster Durchgang...
Warte auf Antwort von Gemini...
Guard: coverage=1.00, overlap=1.00, decision=pass
Antwort gespeichert. Nächster Durchgang...
Warte auf Antwort von Gemini...
Guard: coverage=1.00, overlap=1.00, decision=pass
Antwort gespeichert. Nächster Durchgang...
Warte auf Antwort von Gemini...
Guard: coverage=1.00, overlap=1.00, decision=pass
Antwort gespeichert. Nächster Durchgang...
Warte auf Antwort von Gemini...
Guard: coverage=1.00, overlap=1.00, decision=pass
Antwort gespeichert. Nächster Durchgang...
Warte auf Antwort von Gemini...
Guard: coverage=1.00, overlap=1.00, decision=pass
Erfolg: 5 Datensätze in tafsir_analysis_katheer eingefügt.
Erfolg: 32 Blocks in tafsir_analysis_katheer_blocks eingefügt.
Erfolg: 96 Chunks in tafsir_analysis_katheer_chunks eingefügt.
Antwort gespeichert. Nächster Durchgang...
Antwort gespeichert. Nächster Durchgang...
Warte auf Antwort von Gemini...
Guard: coverage=1.00, overlap=1.00, decision=pass
Antwort gespeichert. Nächster Durchgang...
Warte auf Antwort von Gemini...
Guard: coverage=1.00, overlap=1.00, decision=pass
Antwort gespeichert. Nächster Durchgang...
Warte auf Antwort von Gemini...
Guard: coverage=1.00, overlap=0.99, decision=pass
Antwort gespeichert. Nächster Durchgang...
Warte auf Antwort von Gemini...
Guard: coverage=1.00, overlap=1.00, decision=pass
Antwort gespeichert. Nächster Durchgang...
Warte auf Antwort von Gemini...
Guard: coverage=1.00, overlap=1.00, decision=pass
Erfolg: 5 Datensätze in tafsir_analysis_katheer eingefügt.
Erfolg: 26 Blocks in tafsir_analysis_katheer_blocks eingefügt.
Erfolg: 42 Chunks in tafsir_analysis_katheer_chunks eingefügt.
Antwort gespeichert. Nächster Durchgang...
Antwort gespeichert. Nächster Durchgang...
Warte auf Antwort von Gemini...
Guard: coverage=1.00, overlap=1.00, decision=pass
Antwort gespeichert. Nächster Durchgang...
Warte auf Antwort von Gemini...
Guard: coverage=1.00, overlap=0.99, decision=pass
Antwort gespeichert. Nächster Durchgang...
Warte auf Antwort von Gemini...
Guard: coverage=1.00, overlap=1.00, decision=pass
Antwort gespeichert. Nächster Durchgang...
Warte auf Antwort von Gemini...
Guard: coverage=1.00, overlap=0.99, decision=pass
Antwort gespeichert. Nächster Durchgang...
Warte auf Antwort von Gemini...
Guard: coverage=1.00, overlap=1.00, decision=pass
Erfolg: 5 Datensätze in tafsir_analysis_katheer eingefügt.
Erfolg: 68 Blocks in tafsir_analysis_katheer_blocks eingefügt.
Erfolg: 164 Chunks in tafsir_analysis_katheer_chunks eingefügt.
Antwort gespeichert. Nächster Durchgang...
Antwort gespeichert. Nächster Durchgang...
Warte auf Antwort von Gemini...
Guard: coverage=0.98, overlap=0.96, decision=pass
Antwort gespeichert. Nächster Durchgang...
Warte auf Antwort von Gemini...
Guard: coverage=1.00, overlap=1.00, decision=pass
Antwort gespeichert. Nächster Durchgang...
Warte auf Antwort von Gemini...
Guard: coverage=1.00, overlap=0.98, decision=pass
Antwort gespeichert. Nächster Durchgang...
Warte auf Antwort von Gemini...
Guard: coverage=1.00, overlap=1.00, decision=pass
Antwort gespeichert. Nächster Durchgang...
Warte auf Antwort von Gemini...
Guard: coverage=1.00, overlap=1.00, decision=pass
Erfolg: 5 Datensätze in tafsir_analysis_katheer eingefügt.
Erfolg: 24 Blocks in tafsir_analysis_katheer_blocks eingefügt.
Erfolg: 57 Chunks in tafsir_analysis_katheer_chunks eingefügt.
Antwort gespeichert. Nächster Durchgang...
Antwort gespeichert. Nächster Durchgang...
Warte auf Antwort von Gemini...
Guard: coverage=1.00, overlap=1.00, decision=pass
Antwort gespeichert. Nächster Durchgang...
Warte auf Antwort von Gemini...
Guard: coverage=1.00, overlap=0.99, decision=pass
Antwort gespeichert. Nächster Durchgang...
Warte auf Antwort von Gemini...
Guard: coverage=1.00, overlap=1.00, decision=pass
Antwort gespeichert. Nächster Durchgang...
Warte auf Antwort von Gemini...
Guard: coverage=1.00, overlap=1.00, decision=pass
Antwort gespeichert. Nächster Durchgang...
Warte auf Antwort von Gemini...
Guard: coverage=1.00, overlap=0.99, decision=pass
Erfolg: 5 Datensätze in tafsir_analysis_katheer eingefügt.
Erfolg: 50 Blocks in tafsir_analysis_katheer_blocks eingefügt.
Erfolg: 87 Chunks in tafsir_analysis_katheer_chunks eingefügt.
Antwort gespeichert. Nächster Durchgang...
Antwort gespeichert. Nächster Durchgang...
Warte auf Antwort von Gemini...
Guard: coverage=0.99, overlap=0.96, decision=pass
Antwort gespeichert. Nächster Durchgang...
Warte auf Antwort von Gemini...
Guard: coverage=1.00, overlap=1.00, decision=pass
Antwort gespeichert. Nächster Durchgang...
Warte auf Antwort von Gemini...
Guard: coverage=1.00, overlap=1.00, decision=pass
Antwort gespeichert. Nächster Durchgang...
Warte auf Antwort von Gemini...
Guard: coverage=0.99, overlap=0.97, decision=pass
Antwort gespeichert. Nächster Durchgang...
Warte auf Antwort von Gemini...
Guard: coverage=1.00, overlap=1.00, decision=pass
Erfolg: 5 Datensätze in tafsir_analysis_katheer eingefügt.
Erfolg: 28 Blocks in tafsir_analysis_katheer_blocks eingefügt.
Erfolg: 64 Chunks in tafsir_analysis_katheer_chunks eingefügt.
Antwort gespeichert. Nächster Durchgang...
Antwort gespeichert. Nächster Durchgang...
Warte auf Antwort von Gemini...
Guard: coverage=1.00, overlap=1.00, decision=pass
Antwort gespeichert. Nächster Durchgang...
Warte auf Antwort von Gemini...
Guard: coverage=1.00, overlap=1.00, decision=pass
Antwort gespeichert. Nächster Durchgang...
Warte auf Antwort von Gemini...
Guard: coverage=1.00, overlap=1.00, decision=pass
Antwort gespeichert. Nächster Durchgang...
Warte auf Antwort von Gemini...
Guard: coverage=1.00, overlap=1.00, decision=pass
Antwort gespeichert. Nächster Durchgang...
Warte auf Antwort von Gemini...
Guard: coverage=1.00, overlap=0.99, decision=pass
Erfolg: 5 Datensätze in tafsir_analysis_katheer eingefügt.
Erfolg: 24 Blocks in tafsir_analysis_katheer_blocks eingefügt.
Erfolg: 51 Chunks in tafsir_analysis_katheer_chunks eingefügt.
Antwort gespeichert. Nächster Durchgang...
Antwort gespeichert. Nächster Durchgang...
Warte auf Antwort von Gemini...
Guard: coverage=1.00, overlap=1.00, decision=pass
Antwort gespeichert. Nächster Durchgang...
Warte auf Antwort von Gemini...
Guard: coverage=0.64, overlap=0.22, decision=retry
Guard verlangt Wiederholung (Versuch 1/3).
Warte auf Antwort von Gemini...
Guard: coverage=0.64, overlap=0.22, decision=retry
Guard verlangt Wiederholung (Versuch 2/3).
Warte auf Antwort von Gemini...
Guard: coverage=0.64, overlap=0.22, decision=retry
Maximale Guard-Versuche erreicht; Eintrag wird übersprungen.
Warte auf Antwort von Gemini...
Guard: coverage=0.98, overlap=0.95, decision=pass
Antwort gespeichert. Nächster Durchgang...
Warte auf Antwort von Gemini...
Guard: coverage=1.00, overlap=1.00, decision=pass
Antwort gespeichert. Nächster Durchgang...
Warte auf Antwort von Gemini...
Guard: coverage=0.99, overlap=0.96, decision=pass
Erfolg: 4 Datensätze in tafsir_analysis_katheer eingefügt.
Erfolg: 11 Blocks in tafsir_analysis_katheer_blocks eingefügt.
Erfolg: 27 Chunks in tafsir_analysis_katheer_chunks eingefügt.
Antwort gespeichert. Nächster Durchgang...
Antwort gespeichert. Nächster Durchgang...
Warte auf Antwort von Gemini...
Guard: coverage=1.00, overlap=1.00, decision=pass
Antwort gespeichert. Nächster Durchgang...
Warte auf Antwort von Gemini...
Guard: coverage=1.00, overlap=1.00, decision=pass
Antwort gespeichert. Nächster Durchgang...
Warte auf Antwort von Gemini...
Guard: coverage=1.00, overlap=1.00, decision=pass
Antwort gespeichert. Nächster Durchgang...
Warte auf Antwort von Gemini...
Guard: coverage=1.00, overlap=1.00, decision=pass
Antwort gespeichert. Nächster Durchgang...
Warte auf Antwort von Gemini...
Guard: coverage=1.00, overlap=1.00, decision=pass
Erfolg: 5 Datensätze in tafsir_analysis_katheer eingefügt.
Erfolg: 18 Blocks in tafsir_analysis_katheer_blocks eingefügt.
Erfolg: 41 Chunks in tafsir_analysis_katheer_chunks eingefügt.
Antwort gespeichert. Nächster Durchgang...
Antwort gespeichert. Nächster Durchgang...
Warte auf Antwort von Gemini...
Guard: coverage=1.00, overlap=0.99, decision=pass
Antwort gespeichert. Nächster Durchgang...
Warte auf Antwort von Gemini...
Guard: coverage=1.00, overlap=1.00, decision=pass
Antwort gespeichert. Nächster Durchgang...
Warte auf Antwort von Gemini...
Guard: coverage=1.00, overlap=1.00, decision=pass
Antwort gespeichert. Nächster Durchgang...
Warte auf Antwort von Gemini...
Guard: coverage=1.00, overlap=1.00, decision=pass
Antwort gespeichert. Nächster Durchgang...
Warte auf Antwort von Gemini...
Guard: coverage=1.00, overlap=1.00, decision=pass
Erfolg: 5 Datensätze in tafsir_analysis_katheer eingefügt.
Erfolg: 16 Blocks in tafsir_analysis_katheer_blocks eingefügt.
Erfolg: 34 Chunks in tafsir_analysis_katheer_chunks eingefügt.
Antwort gespeichert. Nächster Durchgang...
Antwort gespeichert. Nächster Durchgang...
Warte auf Antwort von Gemini...
Guard: coverage=1.00, overlap=0.99, decision=pass
Antwort gespeichert. Nächster Durchgang...
Warte auf Antwort von Gemini...
Guard: coverage=0.98, overlap=0.95, decision=pass
Antwort gespeichert. Nächster Durchgang...
Warte auf Antwort von Gemini...
Guard: coverage=1.00, overlap=1.00, decision=pass
Antwort gespeichert. Nächster Durchgang...
Warte auf Antwort von Gemini...
Guard: coverage=1.00, overlap=0.99, decision=pass
Antwort gespeichert. Nächster Durchgang...
Warte auf Antwort von Gemini...
Guard: coverage=1.00, overlap=1.00, decision=pass
Erfolg: 5 Datensätze in tafsir_analysis_katheer eingefügt.
Erfolg: 17 Blocks in tafsir_analysis_katheer_blocks eingefügt.
Erfolg: 49 Chunks in tafsir_analysis_katheer_chunks eingefügt.
Antwort gespeichert. Nächster Durchgang...
Antwort gespeichert. Nächster Durchgang...
Warte auf Antwort von Gemini...
Guard: coverage=1.00, overlap=1.00, decision=pass
Antwort gespeichert. Nächster Durchgang...
Warte auf Antwort von Gemini...
Guard: coverage=1.00, overlap=1.00, decision=pass
Antwort gespeichert. Nächster Durchgang...
Warte auf Antwort von Gemini...
Guard: coverage=1.00, overlap=1.00, decision=pass
Antwort gespeichert. Nächster Durchgang...
Warte auf Antwort von Gemini...
Guard: coverage=1.00, overlap=1.00, decision=pass
Antwort gespeichert. Nächster Durchgang...
Warte auf Antwort von Gemini...
Guard: coverage=1.00, overlap=1.00, decision=pass
Erfolg: 5 Datensätze in tafsir_analysis_katheer eingefügt.
Erfolg: 21 Blocks in tafsir_analysis_katheer_blocks eingefügt.
Erfolg: 41 Chunks in tafsir_analysis_katheer_chunks eingefügt.
Antwort gespeichert. Nächster Durchgang...
Antwort gespeichert. Nächster Durchgang...
Warte auf Antwort von Gemini...
Guard: coverage=1.00, overlap=1.00, decision=pass
Antwort gespeichert. Nächster Durchgang...
Warte auf Antwort von Gemini...
Guard: coverage=1.00, overlap=0.99, decision=pass
Antwort gespeichert. Nächster Durchgang...
Warte auf Antwort von Gemini...
Guard: coverage=1.00, overlap=1.00, decision=pass
Antwort gespeichert. Nächster Durchgang...
Warte auf Antwort von Gemini...
Guard: coverage=1.00, overlap=0.99, decision=pass
Antwort gespeichert. Nächster Durchgang...
Warte auf Antwort von Gemini...
Guard: coverage=1.00, overlap=1.00, decision=pass
Erfolg: 5 Datensätze in tafsir_analysis_katheer eingefügt.
Erfolg: 14 Blocks in tafsir_analysis_katheer_blocks eingefügt.
Erfolg: 41 Chunks in tafsir_analysis_katheer_chunks eingefügt.
Antwort gespeichert. Nächster Durchgang...
Antwort gespeichert. Nächster Durchgang...
Warte auf Antwort von Gemini...
Guard: coverage=1.00, overlap=1.00, decision=pass
Antwort gespeichert. Nächster Durchgang...
Warte auf Antwort von Gemini...
Guard: coverage=1.00, overlap=1.00, decision=pass
Antwort gespeichert. Nächster Durchgang...
Warte auf Antwort von Gemini...
Guard: coverage=1.00, overlap=1.00, decision=pass
Antwort gespeichert. Nächster Durchgang...
Warte auf Antwort von Gemini...
Guard: coverage=1.00, overlap=1.00, decision=pass
Antwort gespeichert. Nächster Durchgang...
Warte auf Antwort von Gemini...
Guard: coverage=1.00, overlap=1.00, decision=pass
Erfolg: 5 Datensätze in tafsir_analysis_katheer eingefügt.
Erfolg: 9 Blocks in tafsir_analysis_katheer_blocks eingefügt.
Erfolg: 47 Chunks in tafsir_analysis_katheer_chunks eingefügt.
Antwort gespeichert. Nächster Durchgang...
Antwort gespeichert. Nächster Durchgang...
Warte auf Antwort von Gemini...
Guard: coverage=1.00, overlap=1.00, decision=pass
Antwort gespeichert. Nächster Durchgang...
Warte auf Antwort von Gemini...
Guard: coverage=0.96, overlap=0.95, decision=pass
Antwort gespeichert. Nächster Durchgang...
Warte auf Antwort von Gemini...
Guard: coverage=1.00, overlap=1.00, decision=pass
Antwort gespeichert. Nächster Durchgang...
Warte auf Antwort von Gemini...
Guard: coverage=0.99, overlap=0.98, decision=pass
Antwort gespeichert. Nächster Durchgang...
Warte auf Antwort von Gemini...
Guard: coverage=1.00, overlap=1.00, decision=pass
Erfolg: 5 Datensätze in tafsir_analysis_katheer eingefügt.
Erfolg: 6 Blocks in tafsir_analysis_katheer_blocks eingefügt.
Erfolg: 17 Chunks in tafsir_analysis_katheer_chunks eingefügt.
Antwort gespeichert. Nächster Durchgang...
Antwort gespeichert. Nächster Durchgang...
Warte auf Antwort von Gemini...
Guard: coverage=1.00, overlap=0.99, decision=pass
Antwort gespeichert. Nächster Durchgang...
Warte auf Antwort von Gemini...
Guard: coverage=1.00, overlap=1.00, decision=pass
Antwort gespeichert. Nächster Durchgang...
Warte auf Antwort von Gemini...
Guard: coverage=1.00, overlap=1.00, decision=pass
Antwort gespeichert. Nächster Durchgang...
Warte auf Antwort von Gemini...
Guard: coverage=1.00, overlap=0.99, decision=pass
Antwort gespeichert. Nächster Durchgang...
Warte auf Antwort von Gemini...
Guard: coverage=1.00, overlap=1.00, decision=pass
Erfolg: 5 Datensätze in tafsir_analysis_katheer eingefügt.
Erfolg: 28 Blocks in tafsir_analysis_katheer_blocks eingefügt.
Erfolg: 44 Chunks in tafsir_analysis_katheer_chunks eingefügt.
Antwort gespeichert. Nächster Durchgang...
Antwort gespeichert. Nächster Durchgang...
Warte auf Antwort von Gemini...
Guard: coverage=1.00, overlap=1.00, decision=pass
Antwort gespeichert. Nächster Durchgang...
Warte auf Antwort von Gemini...
Guard: coverage=1.00, overlap=1.00, decision=pass
Antwort gespeichert. Nächster Durchgang...
Warte auf Antwort von Gemini...
Guard: coverage=1.00, overlap=0.98, decision=pass
Antwort gespeichert. Nächster Durchgang...
Warte auf Antwort von Gemini...
Guard: coverage=1.00, overlap=1.00, decision=pass
Antwort gespeichert. Nächster Durchgang...
Warte auf Antwort von Gemini...
Guard: coverage=1.00, overlap=1.00, decision=pass
Erfolg: 5 Datensätze in tafsir_analysis_katheer eingefügt.
Erfolg: 8 Blocks in tafsir_analysis_katheer_blocks eingefügt.
Erfolg: 17 Chunks in tafsir_analysis_katheer_chunks eingefügt.
Antwort gespeichert. Nächster Durchgang...
Antwort gespeichert. Nächster Durchgang...
Warte auf Antwort von Gemini...
Guard: coverage=1.00, overlap=1.00, decision=pass
Antwort gespeichert. Nächster Durchgang...
Warte auf Antwort von Gemini...
Guard: coverage=0.98, overlap=0.97, decision=pass
Antwort gespeichert. Nächster Durchgang...
Warte auf Antwort von Gemini...
Guard: coverage=1.00, overlap=1.00, decision=pass
Antwort gespeichert. Nächster Durchgang...
Warte auf Antwort von Gemini...
Guard: coverage=1.00, overlap=1.00, decision=pass
Antwort gespeichert. Nächster Durchgang...
Warte auf Antwort von Gemini...
Guard: coverage=1.00, overlap=1.00, decision=pass
Erfolg: 5 Datensätze in tafsir_analysis_katheer eingefügt.
Erfolg: 16 Blocks in tafsir_analysis_katheer_blocks eingefügt.
Erfolg: 25 Chunks in tafsir_analysis_katheer_chunks eingefügt.
Antwort gespeichert. Nächster Durchgang...
Antwort gespeichert. Nächster Durchgang...
Warte auf Antwort von Gemini...
Guard: coverage=1.00, overlap=1.00, decision=pass
Antwort gespeichert. Nächster Durchgang...
Warte auf Antwort von Gemini...
Guard: coverage=1.00, overlap=1.00, decision=pass
Antwort gespeichert. Nächster Durchgang...
Warte auf Antwort von Gemini...
Guard: coverage=1.00, overlap=0.99, decision=pass
Antwort gespeichert. Nächster Durchgang...
Warte auf Antwort von Gemini...
Guard: coverage=1.00, overlap=1.00, decision=pass
Antwort gespeichert. Nächster Durchgang...
Warte auf Antwort von Gemini...
Guard: coverage=1.00, overlap=1.00, decision=pass
Erfolg: 5 Datensätze in tafsir_analysis_katheer eingefügt.
Erfolg: 21 Blocks in tafsir_analysis_katheer_blocks eingefügt.
Erfolg: 42 Chunks in tafsir_analysis_katheer_chunks eingefügt.
Antwort gespeichert. Nächster Durchgang...
Antwort gespeichert. Nächster Durchgang...
Warte auf Antwort von Gemini...
Guard: coverage=0.97, overlap=0.93, decision=pass
Antwort gespeichert. Nächster Durchgang...
Warte auf Antwort von Gemini...
Guard: coverage=1.00, overlap=0.99, decision=pass
Antwort gespeichert. Nächster Durchgang...
Warte auf Antwort von Gemini...
Guard: coverage=1.00, overlap=1.00, decision=pass
Antwort gespeichert. Nächster Durchgang...
Warte auf Antwort von Gemini...
Guard: coverage=1.00, overlap=1.00, decision=pass
Antwort gespeichert. Nächster Durchgang...
Warte auf Antwort von Gemini...
Guard: coverage=1.00, overlap=0.99, decision=pass
Erfolg: 5 Datensätze in tafsir_analysis_katheer eingefügt.
Erfolg: 12 Blocks in tafsir_analysis_katheer_blocks eingefügt.
Erfolg: 34 Chunks in tafsir_analysis_katheer_chunks eingefügt.
Antwort gespeichert. Nächster Durchgang...
Antwort gespeichert. Nächster Durchgang...
Warte auf Antwort von Gemini...
Guard: coverage=0.99, overlap=0.98, decision=pass
Antwort gespeichert. Nächster Durchgang...
Warte auf Antwort von Gemini...
Guard: coverage=1.00, overlap=1.00, decision=pass
Antwort gespeichert. Nächster Durchgang...
Warte auf Antwort von Gemini...
Guard: coverage=1.00, overlap=1.00, decision=pass
Antwort gespeichert. Nächster Durchgang...
Warte auf Antwort von Gemini...
Guard: coverage=1.00, overlap=1.00, decision=pass
Antwort gespeichert. Nächster Durchgang...
Warte auf Antwort von Gemini...
Guard: coverage=1.00, overlap=1.00, decision=pass
Erfolg: 5 Datensätze in tafsir_analysis_katheer eingefügt.
Erfolg: 9 Blocks in tafsir_analysis_katheer_blocks eingefügt.
Erfolg: 23 Chunks in tafsir_analysis_katheer_chunks eingefügt.
Antwort gespeichert. Nächster Durchgang...
Antwort gespeichert. Nächster Durchgang...
Warte auf Antwort von Gemini...
Guard: coverage=1.00, overlap=0.99, decision=pass
Antwort gespeichert. Nächster Durchgang...
Warte auf Antwort von Gemini...
Guard: coverage=1.00, overlap=0.98, decision=pass
Antwort gespeichert. Nächster Durchgang...
Warte auf Antwort von Gemini...
Guard: coverage=1.00, overlap=1.00, decision=pass
Antwort gespeichert. Nächster Durchgang...
Warte auf Antwort von Gemini...
Guard: coverage=1.00, overlap=1.00, decision=pass
Antwort gespeichert. Nächster Durchgang...
Warte auf Antwort von Gemini...
Guard: coverage=0.99, overlap=0.99, decision=pass
Erfolg: 5 Datensätze in tafsir_analysis_katheer eingefügt.
Erfolg: 16 Blocks in tafsir_analysis_katheer_blocks eingefügt.
Erfolg: 51 Chunks in tafsir_analysis_katheer_chunks eingefügt.
Antwort gespeichert. Nächster Durchgang...
Antwort gespeichert. Nächster Durchgang...
Warte auf Antwort von Gemini...
Guard: coverage=1.00, overlap=0.98, decision=pass
Antwort gespeichert. Nächster Durchgang...
Warte auf Antwort von Gemini...
Guard: coverage=1.00, overlap=1.00, decision=pass
Antwort gespeichert. Nächster Durchgang...
Warte auf Antwort von Gemini...
Guard: coverage=1.00, overlap=1.00, decision=pass
Antwort gespeichert. Nächster Durchgang...
Warte auf Antwort von Gemini...
Guard: coverage=1.00, overlap=1.00, decision=pass
Antwort gespeichert. Nächster Durchgang...
Warte auf Antwort von Gemini...
Guard: coverage=1.00, overlap=1.00, decision=pass
Erfolg: 5 Datensätze in tafsir_analysis_katheer eingefügt.
Erfolg: 33 Blocks in tafsir_analysis_katheer_blocks eingefügt.
Erfolg: 72 Chunks in tafsir_analysis_katheer_chunks eingefügt.
Antwort gespeichert. Nächster Durchgang...
Antwort gespeichert. Nächster Durchgang...
Warte auf Antwort von Gemini...
Guard: coverage=1.00, overlap=0.98, decision=pass
Antwort gespeichert. Nächster Durchgang...
Warte auf Antwort von Gemini...
Guard: coverage=1.00, overlap=1.00, decision=pass
Antwort gespeichert. Nächster Durchgang...
Warte auf Antwort von Gemini...
Guard: coverage=1.00, overlap=1.00, decision=pass
Antwort gespeichert. Nächster Durchgang...
Warte auf Antwort von Gemini...
Guard: coverage=1.00, overlap=0.99, decision=pass
Antwort gespeichert. Nächster Durchgang...
Warte auf Antwort von Gemini...
Guard: coverage=1.00, overlap=1.00, decision=pass
Erfolg: 5 Datensätze in tafsir_analysis_katheer eingefügt.
Erfolg: 13 Blocks in tafsir_analysis_katheer_blocks eingefügt.
Erfolg: 46 Chunks in tafsir_analysis_katheer_chunks eingefügt.
Antwort gespeichert. Nächster Durchgang...
Antwort gespeichert. Nächster Durchgang...
Warte auf Antwort von Gemini...
Guard: coverage=1.00, overlap=1.00, decision=pass
Antwort gespeichert. Nächster Durchgang...
Warte auf Antwort von Gemini...
Guard: coverage=1.00, overlap=1.00, decision=pass
Antwort gespeichert. Nächster Durchgang...
Warte auf Antwort von Gemini...
Guard: coverage=1.00, overlap=1.00, decision=pass
Antwort gespeichert. Nächster Durchgang...
Warte auf Antwort von Gemini...
Guard: coverage=1.00, overlap=1.00, decision=pass
Antwort gespeichert. Nächster Durchgang...
Warte auf Antwort von Gemini...
Guard: coverage=1.00, overlap=0.97, decision=pass
Erfolg: 5 Datensätze in tafsir_analysis_katheer eingefügt.
Erfolg: 36 Blocks in tafsir_analysis_katheer_blocks eingefügt.
Erfolg: 68 Chunks in tafsir_analysis_katheer_chunks eingefügt.
Antwort gespeichert. Nächster Durchgang...
Antwort gespeichert. Nächster Durchgang...
Warte auf Antwort von Gemini...
Guard: coverage=1.00, overlap=1.00, decision=pass
Antwort gespeichert. Nächster Durchgang...
Warte auf Antwort von Gemini...
Guard: coverage=1.00, overlap=1.00, decision=pass
Antwort gespeichert. Nächster Durchgang...
Warte auf Antwort von Gemini...
Guard: coverage=1.00, overlap=0.99, decision=pass
Antwort gespeichert. Nächster Durchgang...
Warte auf Antwort von Gemini...
Guard: coverage=1.00, overlap=1.00, decision=pass
Antwort gespeichert. Nächster Durchgang...
Warte auf Antwort von Gemini...
Guard: coverage=1.00, overlap=1.00, decision=pass
Erfolg: 5 Datensätze in tafsir_analysis_katheer eingefügt.
Erfolg: 7 Blocks in tafsir_analysis_katheer_blocks eingefügt.
Erfolg: 20 Chunks in tafsir_analysis_katheer_chunks eingefügt.
Antwort gespeichert. Nächster Durchgang...
Antwort gespeichert. Nächster Durchgang...
Warte auf Antwort von Gemini...
Guard: coverage=1.00, overlap=1.00, decision=pass
Antwort gespeichert. Nächster Durchgang...
Warte auf Antwort von Gemini...
Guard: coverage=0.95, overlap=0.88, decision=pass
Antwort gespeichert. Nächster Durchgang...
Warte auf Antwort von Gemini...
Guard: coverage=1.00, overlap=0.98, decision=pass
Antwort gespeichert. Nächster Durchgang...
Warte auf Antwort von Gemini...
Guard: coverage=0.99, overlap=0.98, decision=pass
Antwort gespeichert. Nächster Durchgang...
Warte auf Antwort von Gemini...
Guard: coverage=1.00, overlap=1.00, decision=pass
Erfolg: 5 Datensätze in tafsir_analysis_katheer eingefügt.
Erfolg: 15 Blocks in tafsir_analysis_katheer_blocks eingefügt.
Erfolg: 76 Chunks in tafsir_analysis_katheer_chunks eingefügt.
Antwort gespeichert. Nächster Durchgang...
Antwort gespeichert. Nächster Durchgang...
Warte auf Antwort von Gemini...
Guard: coverage=0.99, overlap=0.98, decision=pass
Antwort gespeichert. Nächster Durchgang...
Warte auf Antwort von Gemini...
Guard: coverage=1.00, overlap=1.00, decision=pass
Antwort gespeichert. Nächster Durchgang...
Warte auf Antwort von Gemini...
Guard: coverage=0.99, overlap=0.98, decision=pass
Antwort gespeichert. Nächster Durchgang...
Warte auf Antwort von Gemini...
Guard: coverage=0.98, overlap=0.96, decision=pass
Antwort gespeichert. Nächster Durchgang...
Warte auf Antwort von Gemini...
Guard: coverage=0.99, overlap=0.96, decision=pass
Erfolg: 5 Datensätze in tafsir_analysis_katheer eingefügt.
Erfolg: 25 Blocks in tafsir_analysis_katheer_blocks eingefügt.
Erfolg: 44 Chunks in tafsir_analysis_katheer_chunks eingefügt.
Antwort gespeichert. Nächster Durchgang...
Antwort gespeichert. Nächster Durchgang...
Warte auf Antwort von Gemini...
Guard: coverage=1.00, overlap=1.00, decision=pass
Antwort gespeichert. Nächster Durchgang...
Warte auf Antwort von Gemini...
Guard: coverage=1.00, overlap=1.00, decision=pass
Antwort gespeichert. Nächster Durchgang...
Warte auf Antwort von Gemini...
Guard: coverage=1.00, overlap=1.00, decision=pass
Antwort gespeichert. Nächster Durchgang...
Warte auf Antwort von Gemini...
Guard: coverage=0.98, overlap=0.94, decision=pass
Antwort gespeichert. Nächster Durchgang...
Warte auf Antwort von Gemini...
Guard: coverage=1.00, overlap=1.00, decision=pass
Erfolg: 5 Datensätze in tafsir_analysis_katheer eingefügt.
Erfolg: 19 Blocks in tafsir_analysis_katheer_blocks eingefügt.
Erfolg: 43 Chunks in tafsir_analysis_katheer_chunks eingefügt.
Antwort gespeichert. Nächster Durchgang...
Antwort gespeichert. Nächster Durchgang...
Warte auf Antwort von Gemini...
Guard: coverage=1.00, overlap=1.00, decision=pass
Antwort gespeichert. Nächster Durchgang...
Warte auf Antwort von Gemini...
Guard: coverage=0.40, overlap=0.00, decision=retry
Guard verlangt Wiederholung (Versuch 1/3).
Warte auf Antwort von Gemini...
Guard: coverage=0.40, overlap=0.00, decision=retry
Guard verlangt Wiederholung (Versuch 2/3).
Warte auf Antwort von Gemini...
Guard: coverage=0.40, overlap=0.00, decision=retry
Maximale Guard-Versuche erreicht; Eintrag wird übersprungen.
Warte auf Antwort von Gemini...
Guard: coverage=1.00, overlap=1.00, decision=pass
Antwort gespeichert. Nächster Durchgang...
Warte auf Antwort von Gemini...
Guard: coverage=1.00, overlap=0.99, decision=pass
Antwort gespeichert. Nächster Durchgang...
Warte auf Antwort von Gemini...
Guard: coverage=1.00, overlap=0.97, decision=pass
Erfolg: 4 Datensätze in tafsir_analysis_katheer eingefügt.
Erfolg: 45 Blocks in tafsir_analysis_katheer_blocks eingefügt.
Erfolg: 74 Chunks in tafsir_analysis_katheer_chunks eingefügt.
Antwort gespeichert. Nächster Durchgang...
Antwort gespeichert. Nächster Durchgang...
Warte auf Antwort von Gemini...
Guard: coverage=1.00, overlap=1.00, decision=pass
Antwort gespeichert. Nächster Durchgang...
Warte auf Antwort von Gemini...
Guard: coverage=1.00, overlap=1.00, decision=pass
Antwort gespeichert. Nächster Durchgang...
Warte auf Antwort von Gemini...
Guard: coverage=0.98, overlap=0.93, decision=pass
Antwort gespeichert. Nächster Durchgang...
Warte auf Antwort von Gemini...
Guard: coverage=1.00, overlap=1.00, decision=pass
Antwort gespeichert. Nächster Durchgang...
Warte auf Antwort von Gemini...
Guard: coverage=0.99, overlap=0.97, decision=pass
Erfolg: 5 Datensätze in tafsir_analysis_katheer eingefügt.
Erfolg: 5 Blocks in tafsir_analysis_katheer_blocks eingefügt.
Erfolg: 17 Chunks in tafsir_analysis_katheer_chunks eingefügt.
Antwort gespeichert. Nächster Durchgang...
Antwort gespeichert. Nächster Durchgang...
Warte auf Antwort von Gemini...
Guard: coverage=1.00, overlap=1.00, decision=pass
Antwort gespeichert. Nächster Durchgang...
Warte auf Antwort von Gemini...
Guard: coverage=1.00, overlap=1.00, decision=pass
Antwort gespeichert. Nächster Durchgang...
Warte auf Antwort von Gemini...
Guard: coverage=1.00, overlap=1.00, decision=pass
Antwort gespeichert. Nächster Durchgang...
Warte auf Antwort von Gemini...
Guard: coverage=1.00, overlap=1.00, decision=pass
Antwort gespeichert. Nächster Durchgang...
Warte auf Antwort von Gemini...
Guard: coverage=1.00, overlap=1.00, decision=pass
Erfolg: 5 Datensätze in tafsir_analysis_katheer eingefügt.
Erfolg: 13 Blocks in tafsir_analysis_katheer_blocks eingefügt.
Erfolg: 28 Chunks in tafsir_analysis_katheer_chunks eingefügt.
Antwort gespeichert. Nächster Durchgang...
Antwort gespeichert. Nächster Durchgang...
Warte auf Antwort von Gemini...
Guard: coverage=1.00, overlap=0.99, decision=pass
Antwort gespeichert. Nächster Durchgang...
Warte auf Antwort von Gemini...
Guard: coverage=0.90, overlap=0.78, decision=pass
Antwort gespeichert. Nächster Durchgang...
Warte auf Antwort von Gemini...
Guard: coverage=1.00, overlap=1.00, decision=pass
Antwort gespeichert. Nächster Durchgang...
Warte auf Antwort von Gemini...
Guard: coverage=1.00, overlap=1.00, decision=pass
Antwort gespeichert. Nächster Durchgang...
Warte auf Antwort von Gemini...
Guard: coverage=1.00, overlap=1.00, decision=pass
Erfolg: 5 Datensätze in tafsir_analysis_katheer eingefügt.
Erfolg: 11 Blocks in tafsir_analysis_katheer_blocks eingefügt.
Erfolg: 17 Chunks in tafsir_analysis_katheer_chunks eingefügt.
Antwort gespeichert. Nächster Durchgang...
Antwort gespeichert. Nächster Durchgang...
Warte auf Antwort von Gemini...
Guard: coverage=1.00, overlap=1.00, decision=pass
Antwort gespeichert. Nächster Durchgang...
Warte auf Antwort von Gemini...
Guard: coverage=1.00, overlap=0.99, decision=pass
Antwort gespeichert. Nächster Durchgang...
Warte auf Antwort von Gemini...
Guard: coverage=1.00, overlap=0.98, decision=pass
Antwort gespeichert. Nächster Durchgang...
Warte auf Antwort von Gemini...
Guard: coverage=1.00, overlap=0.99, decision=pass
Antwort gespeichert. Nächster Durchgang...
Warte auf Antwort von Gemini...
Guard: coverage=1.00, overlap=0.99, decision=pass
Erfolg: 5 Datensätze in tafsir_analysis_katheer eingefügt.
Erfolg: 41 Blocks in tafsir_analysis_katheer_blocks eingefügt.
Erfolg: 67 Chunks in tafsir_analysis_katheer_chunks eingefügt.
Antwort gespeichert. Nächster Durchgang...
Antwort gespeichert. Nächster Durchgang...
Warte auf Antwort von Gemini...
Guard: coverage=1.00, overlap=1.00, decision=pass
Antwort gespeichert. Nächster Durchgang...
Warte auf Antwort von Gemini...
Guard: coverage=1.00, overlap=1.00, decision=pass
Antwort gespeichert. Nächster Durchgang...
Warte auf Antwort von Gemini...
Guard: coverage=1.00, overlap=1.00, decision=pass
Antwort gespeichert. Nächster Durchgang...
Warte auf Antwort von Gemini...
Guard: coverage=1.00, overlap=1.00, decision=pass
Antwort gespeichert. Nächster Durchgang...
Warte auf Antwort von Gemini...
Guard: coverage=1.00, overlap=1.00, decision=pass
Erfolg: 5 Datensätze in tafsir_analysis_katheer eingefügt.
Erfolg: 16 Blocks in tafsir_analysis_katheer_blocks eingefügt.
Erfolg: 33 Chunks in tafsir_analysis_katheer_chunks eingefügt.
Antwort gespeichert. Nächster Durchgang...
Antwort gespeichert. Nächster Durchgang...
Warte auf Antwort von Gemini...
Guard: coverage=1.00, overlap=1.00, decision=pass
Antwort gespeichert. Nächster Durchgang...
Warte auf Antwort von Gemini...
Guard: coverage=1.00, overlap=1.00, decision=pass
Antwort gespeichert. Nächster Durchgang...
Warte auf Antwort von Gemini...
Guard: coverage=1.00, overlap=1.00, decision=pass
Antwort gespeichert. Nächster Durchgang...
Warte auf Antwort von Gemini...
Guard: coverage=1.00, overlap=0.99, decision=pass
Antwort gespeichert. Nächster Durchgang...
Warte auf Antwort von Gemini...
Guard: coverage=1.00, overlap=0.99, decision=pass
Erfolg: 5 Datensätze in tafsir_analysis_katheer eingefügt.
Erfolg: 38 Blocks in tafsir_analysis_katheer_blocks eingefügt.
Erfolg: 78 Chunks in tafsir_analysis_katheer_chunks eingefügt.
Antwort gespeichert. Nächster Durchgang...
Antwort gespeichert. Nächster Durchgang...
Warte auf Antwort von Gemini...
Guard: coverage=1.00, overlap=1.00, decision=pass
Antwort gespeichert. Nächster Durchgang...
Warte auf Antwort von Gemini...
Guard: coverage=0.98, overlap=0.93, decision=pass
Antwort gespeichert. Nächster Durchgang...
Warte auf Antwort von Gemini...
Guard: coverage=1.00, overlap=1.00, decision=pass
Antwort gespeichert. Nächster Durchgang...
Warte auf Antwort von Gemini...
Guard: coverage=1.00, overlap=0.98, decision=pass
Antwort gespeichert. Nächster Durchgang...
Warte auf Antwort von Gemini...
Guard: coverage=1.00, overlap=1.00, decision=pass
Erfolg: 5 Datensätze in tafsir_analysis_katheer eingefügt.
Erfolg: 28 Blocks in tafsir_analysis_katheer_blocks eingefügt.
Erfolg: 64 Chunks in tafsir_analysis_katheer_chunks eingefügt.
Antwort gespeichert. Nächster Durchgang...
Antwort gespeichert. Nächster Durchgang...
Warte auf Antwort von Gemini...
Guard: coverage=1.00, overlap=1.00, decision=pass
Antwort gespeichert. Nächster Durchgang...
Warte auf Antwort von Gemini...
Guard: coverage=1.00, overlap=0.99, decision=pass
Antwort gespeichert. Nächster Durchgang...
Warte auf Antwort von Gemini...
Guard: coverage=0.99, overlap=0.98, decision=pass
Antwort gespeichert. Nächster Durchgang...
Warte auf Antwort von Gemini...
Guard: coverage=1.00, overlap=0.99, decision=pass
Antwort gespeichert. Nächster Durchgang...
Warte auf Antwort von Gemini...
Guard: coverage=1.00, overlap=1.00, decision=pass
Erfolg: 5 Datensätze in tafsir_analysis_katheer eingefügt.
Erfolg: 29 Blocks in tafsir_analysis_katheer_blocks eingefügt.
Erfolg: 56 Chunks in tafsir_analysis_katheer_chunks eingefügt.
Antwort gespeichert. Nächster Durchgang...
Antwort gespeichert. Nächster Durchgang...
Warte auf Antwort von Gemini...
Guard: coverage=1.00, overlap=1.00, decision=pass
Antwort gespeichert. Nächster Durchgang...
Warte auf Antwort von Gemini...
Guard: coverage=1.00, overlap=1.00, decision=pass
Antwort gespeichert. Nächster Durchgang...
Warte auf Antwort von Gemini...
Guard: coverage=1.00, overlap=1.00, decision=pass
Antwort gespeichert. Nächster Durchgang...
Warte auf Antwort von Gemini...
Guard: coverage=1.00, overlap=1.00, decision=pass
Antwort gespeichert. Nächster Durchgang...
Warte auf Antwort von Gemini...
Guard: coverage=1.00, overlap=0.99, decision=pass
Erfolg: 5 Datensätze in tafsir_analysis_katheer eingefügt.
Erfolg: 16 Blocks in tafsir_analysis_katheer_blocks eingefügt.
Erfolg: 56 Chunks in tafsir_analysis_katheer_chunks eingefügt.
Antwort gespeichert. Nächster Durchgang...
Antwort gespeichert. Nächster Durchgang...
Warte auf Antwort von Gemini...
Guard: coverage=1.00, overlap=0.99, decision=pass
Antwort gespeichert. Nächster Durchgang...
Warte auf Antwort von Gemini...
Guard: coverage=1.00, overlap=1.00, decision=pass
Antwort gespeichert. Nächster Durchgang...
Warte auf Antwort von Gemini...
Guard: coverage=0.99, overlap=0.97, decision=pass
Antwort gespeichert. Nächster Durchgang...
Warte auf Antwort von Gemini...
Guard: coverage=1.00, overlap=1.00, decision=pass
Antwort gespeichert. Nächster Durchgang...
Warte auf Antwort von Gemini...
Guard: coverage=1.00, overlap=0.98, decision=pass
Erfolg: 5 Datensätze in tafsir_analysis_katheer eingefügt.
Erfolg: 14 Blocks in tafsir_analysis_katheer_blocks eingefügt.
Erfolg: 32 Chunks in tafsir_analysis_katheer_chunks eingefügt.
Antwort gespeichert. Nächster Durchgang...
Antwort gespeichert. Nächster Durchgang...
Warte auf Antwort von Gemini...
Guard: coverage=1.00, overlap=1.00, decision=pass
Antwort gespeichert. Nächster Durchgang...
Warte auf Antwort von Gemini...
Guard: coverage=1.00, overlap=1.00, decision=pass
Antwort gespeichert. Nächster Durchgang...
Warte auf Antwort von Gemini...
Guard: coverage=0.99, overlap=0.96, decision=pass
Antwort gespeichert. Nächster Durchgang...
Warte auf Antwort von Gemini...
Guard: coverage=1.00, overlap=1.00, decision=pass
Antwort gespeichert. Nächster Durchgang...
Warte auf Antwort von Gemini...
Guard: coverage=1.00, overlap=1.00, decision=pass
Erfolg: 5 Datensätze in tafsir_analysis_katheer eingefügt.
Erfolg: 19 Blocks in tafsir_analysis_katheer_blocks eingefügt.
Erfolg: 41 Chunks in tafsir_analysis_katheer_chunks eingefügt.
Antwort gespeichert. Nächster Durchgang...
Antwort gespeichert. Nächster Durchgang...
Warte auf Antwort von Gemini...
Guard: coverage=1.00, overlap=0.91, decision=pass
Antwort gespeichert. Nächster Durchgang...
Warte auf Antwort von Gemini...
Guard: coverage=1.00, overlap=1.00, decision=pass
Antwort gespeichert. Nächster Durchgang...
Warte auf Antwort von Gemini...
Guard: coverage=0.39, overlap=0.01, decision=retry
Guard verlangt Wiederholung (Versuch 1/3).
Warte auf Antwort von Gemini...
Guard: coverage=1.00, overlap=1.00, decision=pass
Antwort gespeichert. Nächster Durchgang...
Warte auf Antwort von Gemini...
Guard: coverage=0.21, overlap=0.00, decision=retry
Guard verlangt Wiederholung (Versuch 1/3).
Warte auf Antwort von Gemini...
Guard: coverage=1.00, overlap=0.99, decision=pass
Antwort gespeichert. Nächster Durchgang...
Warte auf Antwort von Gemini...
Guard: coverage=1.00, overlap=0.99, decision=pass
Erfolg: 5 Datensätze in tafsir_analysis_katheer eingefügt.
Erfolg: 34 Blocks in tafsir_analysis_katheer_blocks eingefügt.
Erfolg: 78 Chunks in tafsir_analysis_katheer_chunks eingefügt.
Antwort gespeichert. Nächster Durchgang...
Antwort gespeichert. Nächster Durchgang...
Warte auf Antwort von Gemini...
Guard: coverage=1.00, overlap=1.00, decision=pass
Antwort gespeichert. Nächster Durchgang...
Warte auf Antwort von Gemini...
Guard: coverage=0.99, overlap=0.98, decision=pass
Antwort gespeichert. Nächster Durchgang...
Warte auf Antwort von Gemini...
Guard: coverage=0.29, overlap=0.00, decision=retry
Guard verlangt Wiederholung (Versuch 1/3).
Warte auf Antwort von Gemini...
Guard: coverage=0.29, overlap=0.00, decision=retry
Guard verlangt Wiederholung (Versuch 2/3).
Warte auf Antwort von Gemini...
Guard: coverage=1.00, overlap=1.00, decision=pass
Antwort gespeichert. Nächster Durchgang...
Warte auf Antwort von Gemini...
Guard: coverage=1.00, overlap=1.00, decision=pass
Antwort gespeichert. Nächster Durchgang...
Warte auf Antwort von Gemini...
Guard: coverage=1.00, overlap=0.99, decision=pass
Erfolg: 5 Datensätze in tafsir_analysis_katheer eingefügt.
Erfolg: 39 Blocks in tafsir_analysis_katheer_blocks eingefügt.
Erfolg: 96 Chunks in tafsir_analysis_katheer_chunks eingefügt.
Antwort gespeichert. Nächster Durchgang...
Antwort gespeichert. Nächster Durchgang...
Warte auf Antwort von Gemini...
Guard: coverage=0.99, overlap=0.96, decision=pass
Antwort gespeichert. Nächster Durchgang...
Warte auf Antwort von Gemini...
Guard: coverage=0.96, overlap=0.89, decision=pass
Antwort gespeichert. Nächster Durchgang...
Warte auf Antwort von Gemini...
Guard: coverage=0.99, overlap=0.95, decision=pass
Antwort gespeichert. Nächster Durchgang...
Warte auf Antwort von Gemini...
Guard: coverage=1.00, overlap=0.98, decision=pass
Antwort gespeichert. Nächster Durchgang...
Warte auf Antwort von Gemini...
Guard: coverage=0.53, overlap=0.07, decision=retry
Guard verlangt Wiederholung (Versuch 1/3).
Warte auf Antwort von Gemini...
Guard: coverage=0.53, overlap=0.07, decision=retry
Guard verlangt Wiederholung (Versuch 2/3).
Warte auf Antwort von Gemini...
Guard: coverage=0.53, overlap=0.07, decision=retry
Maximale Guard-Versuche erreicht; Eintrag wird übersprungen. ###
Warte auf Antwort von Gemini...
Guard: coverage=0.50, overlap=0.03, decision=retry
Guard verlangt Wiederholung (Versuch 1/3).
Warte auf Antwort von Gemini...
Guard: coverage=0.99, overlap=0.95, decision=pass
Antwort gespeichert. Nächster Durchgang...
Warte auf Antwort von Gemini...
Guard: coverage=0.99, overlap=0.98, decision=pass
Antwort gespeichert. Nächster Durchgang...
Warte auf Antwort von Gemini...
Guard: coverage=0.43, overlap=0.02, decision=retry
Guard verlangt Wiederholung (Versuch 1/3).
Warte auf Antwort von Gemini...
Guard: coverage=0.43, overlap=0.02, decision=retry
Guard verlangt Wiederholung (Versuch 2/3).
Warte auf Antwort von Gemini...
Guard: coverage=0.98, overlap=0.94, decision=pass
Antwort gespeichert. Nächster Durchgang...
Warte auf Antwort von Gemini...
Guard: coverage=1.00, overlap=1.00, decision=pass
Antwort gespeichert. Nächster Durchgang...
Warte auf Antwort von Gemini...
Guard: coverage=1.00, overlap=0.98, decision=pass
Erfolg: 9 Datensätze in tafsir_analysis_katheer eingefügt.
Erfolg: 63 Blocks in tafsir_analysis_katheer_blocks eingefügt.
Erfolg: 140 Chunks in tafsir_analysis_katheer_chunks eingefügt.
Antwort gespeichert. Nächster Durchgang...
Antwort gespeichert. Nächster Durchgang...
Warte auf Antwort von Gemini...
Kein Code gefunden. Run wird pausiert, erneuter Versuch startet mit nächstem Durchlauf.
Warte auf Antwort von Gemini...
Kein Code gefunden. Run wird pausiert, erneuter Versuch startet mit nächstem Durchlauf.
Warte auf Antwort von Gemini...
Kein Code gefunden. Run wird pausiert, erneuter Versuch startet mit nächstem Durchlauf.
Warte auf Antwort von Gemini...
Guard: coverage=1.00, overlap=0.99, decision=pass
Antwort gespeichert. Nächster Durchgang...
Warte auf Antwort von Gemini...
Guard: coverage=0.99, overlap=0.96, decision=pass
Erfolg: 2 Datensätze in tafsir_analysis_katheer eingefügt.
Erfolg: 7 Blocks in tafsir_analysis_katheer_blocks eingefügt.
Erfolg: 21 Chunks in tafsir_analysis_katheer_chunks eingefügt.
Antwort gespeichert. Nächster Durchgang...
Antwort gespeichert. Nächster Durchgang...
Warte auf Antwort von Gemini...
Guard: coverage=0.98, overlap=0.95, decision=pass
Antwort gespeichert. Nächster Durchgang...
Warte auf Antwort von Gemini...
Guard: coverage=1.00, overlap=0.98, decision=pass
Antwort gespeichert. Nächster Durchgang...
Warte auf Antwort von Gemini...
Guard: coverage=0.99, overlap=0.96, decision=pass
Antwort gespeichert. Nächster Durchgang...
Warte auf Antwort von Gemini...
Guard: coverage=0.98, overlap=0.94, decision=pass
Antwort gespeichert. Nächster Durchgang...
Warte auf Antwort von Gemini...
Guard: coverage=1.00, overlap=0.99, decision=pass
Erfolg: 5 Datensätze in tafsir_analysis_katheer eingefügt.
Erfolg: 35 Blocks in tafsir_analysis_katheer_blocks eingefügt.
Erfolg: 89 Chunks in tafsir_analysis_katheer_chunks eingefügt.
Antwort gespeichert. Nächster Durchgang...
Antwort gespeichert. Nächster Durchgang...
Warte auf Antwort von Gemini...
Guard: coverage=0.97, overlap=0.93, decision=pass
Antwort gespeichert. Nächster Durchgang...
Warte auf Antwort von Gemini...
Guard: coverage=0.50, overlap=0.02, decision=retry
Guard verlangt Wiederholung (Versuch 1/3).
Warte auf Antwort von Gemini...
Guard: coverage=1.00, overlap=0.99, decision=pass
Antwort gespeichert. Nächster Durchgang...
Warte auf Antwort von Gemini...
Guard: coverage=0.99, overlap=0.97, decision=pass
Antwort gespeichert. Nächster Durchgang...
Warte auf Antwort von Gemini...
Guard: coverage=0.99, overlap=0.97, decision=pass
Antwort gespeichert. Nächster Durchgang...
Warte auf Antwort von Gemini...
Guard: coverage=0.95, overlap=0.84, decision=pass
Erfolg: 5 Datensätze in tafsir_analysis_katheer eingefügt.
Erfolg: 52 Blocks in tafsir_analysis_katheer_blocks eingefügt.
Erfolg: 223 Chunks in tafsir_analysis_katheer_chunks eingefügt.
Antwort gespeichert. Nächster Durchgang...
Antwort gespeichert. Nächster Durchgang...
Warte auf Antwort von Gemini...
Guard: coverage=1.00, overlap=1.00, decision=pass
Antwort gespeichert. Nächster Durchgang...
Warte auf Antwort von Gemini...
Guard: coverage=0.48, overlap=0.03, decision=retry
Guard verlangt Wiederholung (Versuch 1/3).
Warte auf Antwort von Gemini...
Guard: coverage=1.00, overlap=1.00, decision=pass
Antwort gespeichert. Nächster Durchgang...
Warte auf Antwort von Gemini...
Guard: coverage=1.00, overlap=1.00, decision=pass
Antwort gespeichert. Nächster Durchgang...
Warte auf Antwort von Gemini...
Guard: coverage=1.00, overlap=0.99, decision=pass
Antwort gespeichert. Nächster Durchgang...
Warte auf Antwort von Gemini...
Guard: coverage=1.00, overlap=1.00, decision=pass
Erfolg: 5 Datensätze in tafsir_analysis_katheer eingefügt.
Erfolg: 24 Blocks in tafsir_analysis_katheer_blocks eingefügt.
Erfolg: 46 Chunks in tafsir_analysis_katheer_chunks eingefügt.
Antwort gespeichert. Nächster Durchgang...
Antwort gespeichert. Nächster Durchgang...
Warte auf Antwort von Gemini...
Kein Code gefunden. Run wird pausiert, erneuter Versuch startet mit nächstem Durchlauf.
Warte auf Antwort von Gemini...
Kein Code gefunden. Run wird pausiert, erneuter Versuch startet mit nächstem Durchlauf.
Warte auf Antwort von Gemini...
Kein Code gefunden. Run wird pausiert, erneuter Versuch startet mit nächstem Durchlauf.
Warte auf Antwort von Gemini...
Kein Code gefunden. Run wird pausiert, erneuter Versuch startet mit nächstem Durchlauf.
Warte auf Antwort von Gemini...
Kein Code gefunden. Run wird pausiert, erneuter Versuch startet mit nächstem Durchlauf.
Warte auf Antwort von Gemini...
Kein Code gefunden. Run wird pausiert, erneuter Versuch startet mit nächstem Durchlauf.
Warte auf Antwort von Gemini...
Kein Code gefunden. Run wird pausiert, erneuter Versuch startet mit nächstem Durchlauf.
Warte auf Antwort von Gemini...
Kein Code gefunden. Run wird pausiert, erneuter Versuch startet mit nächstem Durchlauf.
Warte auf Antwort von Gemini...
Kein Code gefunden. Run wird pausiert, erneuter Versuch startet mit nächstem Durchlauf.
Warte auf Antwort von Gemini...
Kein Code gefunden. Run wird pausiert, erneuter Versuch startet mit nächstem Durchlauf.
Warte auf Antwort von Gemini...
Kein Code gefunden. Run wird pausiert, erneuter Versuch startet mit nächstem Durchlauf.
Warte auf Antwort von Gemini...
Kein Code gefunden. Run wird pausiert, erneuter Versuch startet mit nächstem Durchlauf.
Warte auf Antwort von Gemini...
Kein Code gefunden. Run wird pausiert, erneuter Versuch startet mit nächstem Durchlauf.
Warte auf Antwort von Gemini...
Kein Code gefunden. Run wird pausiert, erneuter Versuch startet mit nächstem Durchlauf.
Warte auf Antwort von Gemini...
Kein Code gefunden. Run wird pausiert, erneuter Versuch startet mit nächstem Durchlauf.
Warte auf Antwort von Gemini...
Kein Code gefunden. Run wird pausiert, erneuter Versuch startet mit nächstem Durchlauf.
Warte auf Antwort von Gemini...
Kein Code gefunden. Run wird pausiert, erneuter Versuch startet mit nächstem Durchlauf.
Warte auf Antwort von Gemini...
Kein Code gefunden. Run wird pausiert, erneuter Versuch startet mit nächstem Durchlauf.
Warte auf Antwort von Gemini...
Kein Code gefunden. Run wird pausiert, erneuter Versuch startet mit nächstem Durchlauf.
Warte auf Antwort von Gemini...
Kein Code gefunden. Run wird pausiert, erneuter Versuch startet mit nächstem Durchlauf.
Warte auf Antwort von Gemini...
Kein Code gefunden. Run wird pausiert, erneuter Versuch startet mit nächstem Durchlauf.
Warte auf Antwort von Gemini...
Kein Code gefunden. Run wird pausiert, erneuter Versuch startet mit nächstem Durchlauf.
Warte auf Antwort von Gemini...
Kein Code gefunden. Run wird pausiert, erneuter Versuch startet mit nächstem Durchlauf.
Warte auf Antwort von Gemini...
Kein Code gefunden. Run wird pausiert, erneuter Versuch startet mit nächstem Durchlauf.
Warte auf Antwort von Gemini...
Kein Code gefunden. Run wird pausiert, erneuter Versuch startet mit nächstem Durchlauf.
Warte auf Antwort von Gemini...
Kein Code gefunden. Run wird pausiert, erneuter Versuch startet mit nächstem Durchlauf.
Warte auf Antwort von Gemini...
Kein Code gefunden. Run wird pausiert, erneuter Versuch startet mit nächstem Durchlauf.
Warte auf Antwort von Gemini...
Kein Code gefunden. Run wird pausiert, erneuter Versuch startet mit nächstem Durchlauf.
Warte auf Antwort von Gemini...
Kein Code gefunden. Run wird pausiert, erneuter Versuch startet mit nächstem Durchlauf.
Warte auf Antwort von Gemini...
Kein Code gefunden. Run wird pausiert, erneuter Versuch startet mit nächstem Durchlauf.
Warte auf Antwort von Gemini...
Kein Code gefunden. Run wird pausiert, erneuter Versuch startet mit nächstem Durchlauf.
Warte auf Antwort von Gemini...
Kein Code gefunden. Run wird pausiert, erneuter Versuch startet mit nächstem Durchlauf.
Warte auf Antwort von Gemini...
Kein Code gefunden. Run wird pausiert, erneuter Versuch startet mit nächstem Durchlauf.
Warte auf Antwort von Gemini...
Kein Code gefunden. Run wird pausiert, erneuter Versuch startet mit nächstem Durchlauf.
Warte auf Antwort von Gemini...
Kein Code gefunden. Run wird pausiert, erneuter Versuch startet mit nächstem Durchlauf.
Warte auf Antwort von Gemini...
Kein Code gefunden. Run wird pausiert, erneuter Versuch startet mit nächstem Durchlauf.
Warte auf Antwort von Gemini...
Kein Code gefunden. Run wird pausiert, erneuter Versuch startet mit nächstem Durchlauf.
Warte auf Antwort von Gemini...
Kein Code gefunden. Run wird pausiert, erneuter Versuch startet mit nächstem Durchlauf.
Warte auf Antwort von Gemini...
Kein Code gefunden. Run wird pausiert, erneuter Versuch startet mit nächstem Durchlauf.
Warte auf Antwort von Gemini...
Kein Code gefunden. Run wird pausiert, erneuter Versuch startet mit nächstem Durchlauf.
Warte auf Antwort von Gemini...
Kein Code gefunden. Run wird pausiert, erneuter Versuch startet mit nächstem Durchlauf.
Warte auf Antwort von Gemini...
Kein Code gefunden. Run wird pausiert, erneuter Versuch startet mit nächstem Durchlauf.
Warte auf Antwort von Gemini...
Kein Code gefunden. Run wird pausiert, erneuter Versuch startet mit nächstem Durchlauf.
Warte auf Antwort von Gemini...
Kein Code gefunden. Run wird pausiert, erneuter Versuch startet mit nächstem Durchlauf.
Warte auf Antwort von Gemini...
Kein Code gefunden. Run wird pausiert, erneuter Versuch startet mit nächstem Durchlauf.
Warte auf Antwort von Gemini...
Kein Code gefunden. Run wird pausiert, erneuter Versuch startet mit nächstem Durchlauf.
Warte auf Antwort von Gemini...
Kein Code gefunden. Run wird pausiert, erneuter Versuch startet mit nächstem Durchlauf.
Warte auf Antwort von Gemini...
Kein Code gefunden. Run wird pausiert, erneuter Versuch startet mit nächstem Durchlauf.
Warte auf Antwort von Gemini...
Kein Code gefunden. Run wird pausiert, erneuter Versuch startet mit nächstem Durchlauf.
Warte auf Antwort von Gemini...
Kein Code gefunden. Run wird pausiert, erneuter Versuch startet mit nächstem Durchlauf.
Warte auf Antwort von Gemini...
Kein Code gefunden. Run wird pausiert, erneuter Versuch startet mit nächstem Durchlauf.
Warte auf Antwort von Gemini...
Kein Code gefunden. Run wird pausiert, erneuter Versuch startet mit nächstem Durchlauf.
Warte auf Antwort von Gemini...
Kein Code gefunden. Run wird pausiert, erneuter Versuch startet mit nächstem Durchlauf.
Warte auf Antwort von Gemini...
Kein Code gefunden. Run wird pausiert, erneuter Versuch startet mit nächstem Durchlauf.
Warte auf Antwort von Gemini...
Kein Code gefunden. Run wird pausiert, erneuter Versuch startet mit nächstem Durchlauf.
Warte auf Antwort von Gemini...
Kein Code gefunden. Run wird pausiert, erneuter Versuch startet mit nächstem Durchlauf.
Warte auf Antwort von Gemini...
Kein Code gefunden. Run wird pausiert, erneuter Versuch startet mit nächstem Durchlauf.
Warte auf Antwort von Gemini...
Kein Code gefunden. Run wird pausiert, erneuter Versuch startet mit nächstem Durchlauf.
Warte auf Antwort von Gemini...
Kein Code gefunden. Run wird pausiert, erneuter Versuch startet mit nächstem Durchlauf.
Warte auf Antwort von Gemini...
Kein Code gefunden. Run wird pausiert, erneuter Versuch startet mit nächstem Durchlauf.
Warte auf Antwort von Gemini...
Kein Code gefunden. Run wird pausiert, erneuter Versuch startet mit nächstem Durchlauf.
Warte auf Antwort von Gemini...
Kein Code gefunden. Run wird pausiert, erneuter Versuch startet mit nächstem Durchlauf.
Warte auf Antwort von Gemini...
Kein Code gefunden. Run wird pausiert, erneuter Versuch startet mit nächstem Durchlauf.
Warte auf Antwort von Gemini...
Kein Code gefunden. Run wird pausiert, erneuter Versuch startet mit nächstem Durchlauf.
Warte auf Antwort von Gemini...
Kein Code gefunden. Run wird pausiert, erneuter Versuch startet mit nächstem Durchlauf.
Warte auf Antwort von Gemini...
Kein Code gefunden. Run wird pausiert, erneuter Versuch startet mit nächstem Durchlauf.
Warte auf Antwort von Gemini...
Kein Code gefunden. Run wird pausiert, erneuter Versuch startet mit nächstem Durchlauf.
Warte auf Antwort von Gemini...
Kein Code gefunden. Run wird pausiert, erneuter Versuch startet mit nächstem Durchlauf.
Warte auf Antwort von Gemini...
Kein Code gefunden. Run wird pausiert, erneuter Versuch startet mit nächstem Durchlauf.
Warte auf Antwort von Gemini...
Kein Code gefunden. Run wird pausiert, erneuter Versuch startet mit nächstem Durchlauf.
Warte auf Antwort von Gemini...
Kein Code gefunden. Run wird pausiert, erneuter Versuch startet mit nächstem Durchlauf.
Warte auf Antwort von Gemini...
Kein Code gefunden. Run wird pausiert, erneuter Versuch startet mit nächstem Durchlauf.
Warte auf Antwort von Gemini...
Kein Code gefunden. Run wird pausiert, erneuter Versuch startet mit nächstem Durchlauf.
Warte auf Antwort von Gemini...
Kein Code gefunden. Run wird pausiert, erneuter Versuch startet mit nächstem Durchlauf.
Warte auf Antwort von Gemini...
Kein Code gefunden. Run wird pausiert, erneuter Versuch startet mit nächstem Durchlauf.
Warte auf Antwort von Gemini...
Kein Code gefunden. Run wird pausiert, erneuter Versuch startet mit nächstem Durchlauf.
Warte auf Antwort von Gemini...
Kein Code gefunden. Run wird pausiert, erneuter Versuch startet mit nächstem Durchlauf.
Warte auf Antwort von Gemini...
Kein Code gefunden. Run wird pausiert, erneuter Versuch startet mit nächstem Durchlauf.
Warte auf Antwort von Gemini...
Kein Code gefunden. Run wird pausiert, erneuter Versuch startet mit nächstem Durchlauf.
Warte auf Antwort von Gemini...
Kein Code gefunden. Run wird pausiert, erneuter Versuch startet mit nächstem Durchlauf.
Warte auf Antwort von Gemini...
Kein Code gefunden. Run wird pausiert, erneuter Versuch startet mit nächstem Durchlauf.
Warte auf Antwort von Gemini...
Kein Code gefunden. Run wird pausiert, erneuter Versuch startet mit nächstem Durchlauf.
Warte auf Antwort von Gemini...
Kein Code gefunden. Run wird pausiert, erneuter Versuch startet mit nächstem Durchlauf.
Warte auf Antwort von Gemini...
Kein Code gefunden. Run wird pausiert, erneuter Versuch startet mit nächstem Durchlauf.
Warte auf Antwort von Gemini...
Kein Code gefunden. Run wird pausiert, erneuter Versuch startet mit nächstem Durchlauf.
Warte auf Antwort von Gemini...
Kein Code gefunden. Run wird pausiert, erneuter Versuch startet mit nächstem Durchlauf.
Warte auf Antwort von Gemini...
Kein Code gefunden. Run wird pausiert, erneuter Versuch startet mit nächstem Durchlauf.
Warte auf Antwort von Gemini...
Kein Code gefunden. Run wird pausiert, erneuter Versuch startet mit nächstem Durchlauf.
Warte auf Antwort von Gemini...
Kein Code gefunden. Run wird pausiert, erneuter Versuch startet mit nächstem Durchlauf.
Warte auf Antwort von Gemini...
Kein Code gefunden. Run wird pausiert, erneuter Versuch startet mit nächstem Durchlauf.
Warte auf Antwort von Gemini...
Kein Code gefunden. Run wird pausiert, erneuter Versuch startet mit nächstem Durchlauf.
Warte auf Antwort von Gemini...
Kein Code gefunden. Run wird pausiert, erneuter Versuch startet mit nächstem Durchlauf.
Warte auf Antwort von Gemini...
Kein Code gefunden. Run wird pausiert, erneuter Versuch startet mit nächstem Durchlauf.
Warte auf Antwort von Gemini...
Kein Code gefunden. Run wird pausiert, erneuter Versuch startet mit nächstem Durchlauf.
Warte auf Antwort von Gemini...
Kein Code gefunden. Run wird pausiert, erneuter Versuch startet mit nächstem Durchlauf.
Warte auf Antwort von Gemini...
Kein Code gefunden. Run wird pausiert, erneuter Versuch startet mit nächstem Durchlauf.
Warte auf Antwort von Gemini...
Kein Code gefunden. Run wird pausiert, erneuter Versuch startet mit nächstem Durchlauf.
Warte auf Antwort von Gemini...
Kein Code gefunden. Run wird pausiert, erneuter Versuch startet mit nächstem Durchlauf.
Warte auf Antwort von Gemini...
Kein Code gefunden. Run wird pausiert, erneuter Versuch startet mit nächstem Durchlauf.
Warte auf Antwort von Gemini...
Kein Code gefunden. Run wird pausiert, erneuter Versuch startet mit nächstem Durchlauf.
Warte auf Antwort von Gemini...
Kein Code gefunden. Run wird pausiert, erneuter Versuch startet mit nächstem Durchlauf.
Warte auf Antwort von Gemini...
Kein Code gefunden. Run wird pausiert, erneuter Versuch startet mit nächstem Durchlauf.
Warte auf Antwort von Gemini...
Kein Code gefunden. Run wird pausiert, erneuter Versuch startet mit nächstem Durchlauf.
Warte auf Antwort von Gemini...
Kein Code gefunden. Run wird pausiert, erneuter Versuch startet mit nächstem Durchlauf.
Warte auf Antwort von Gemini...
Kein Code gefunden. Run wird pausiert, erneuter Versuch startet mit nächstem Durchlauf.
Warte auf Antwort von Gemini...
Kein Code gefunden. Run wird pausiert, erneuter Versuch startet mit nächstem Durchlauf.
Warte auf Antwort von Gemini...
Kein Code gefunden. Run wird pausiert, erneuter Versuch startet mit nächstem Durchlauf.
Warte auf Antwort von Gemini...
Kein Code gefunden. Run wird pausiert, erneuter Versuch startet mit nächstem Durchlauf.
Warte auf Antwort von Gemini...
Kein Code gefunden. Run wird pausiert, erneuter Versuch startet mit nächstem Durchlauf.
Warte auf Antwort von Gemini...
Kein Code gefunden. Run wird pausiert, erneuter Versuch startet mit nächstem Durchlauf.
Warte auf Antwort von Gemini...
Kein Code gefunden. Run wird pausiert, erneuter Versuch startet mit nächstem Durchlauf.
Warte auf Antwort von Gemini...
Kein Code gefunden. Run wird pausiert, erneuter Versuch startet mit nächstem Durchlauf.
Warte auf Antwort von Gemini...
Kein Code gefunden. Run wird pausiert, erneuter Versuch startet mit nächstem Durchlauf.
Warte auf Antwort von Gemini...
Kein Code gefunden. Run wird pausiert, erneuter Versuch startet mit nächstem Durchlauf.
Warte auf Antwort von Gemini...
Kein Code gefunden. Run wird pausiert, erneuter Versuch startet mit nächstem Durchlauf.
Warte auf Antwort von Gemini...
Kein Code gefunden. Run wird pausiert, erneuter Versuch startet mit nächstem Durchlauf.
Warte auf Antwort von Gemini...
Kein Code gefunden. Run wird pausiert, erneuter Versuch startet mit nächstem Durchlauf.
Warte auf Antwort von Gemini...
Kein Code gefunden. Run wird pausiert, erneuter Versuch startet mit nächstem Durchlauf.
Warte auf Antwort von Gemini...
Kein Code gefunden. Run wird pausiert, erneuter Versuch startet mit nächstem Durchlauf.
Warte auf Antwort von Gemini...
Kein Code gefunden. Run wird pausiert, erneuter Versuch startet mit nächstem Durchlauf.
Warte auf Antwort von Gemini...
Kein Code gefunden. Run wird pausiert, erneuter Versuch startet mit nächstem Durchlauf.
Warte auf Antwort von Gemini...
Kein Code gefunden. Run wird pausiert, erneuter Versuch startet mit nächstem Durchlauf.
Warte auf Antwort von Gemini...
Kein Code gefunden. Run wird pausiert, erneuter Versuch startet mit nächstem Durchlauf.
Warte auf Antwort von Gemini...
Kein Code gefunden. Run wird pausiert, erneuter Versuch startet mit nächstem Durchlauf.
Warte auf Antwort von Gemini...
Kein Code gefunden. Run wird pausiert, erneuter Versuch startet mit nächstem Durchlauf.
Warte auf Antwort von Gemini...
Kein Code gefunden. Run wird pausiert, erneuter Versuch startet mit nächstem Durchlauf.
Warte auf Antwort von Gemini...
Kein Code gefunden. Run wird pausiert, erneuter Versuch startet mit nächstem Durchlauf.
Warte auf Antwort von Gemini...
Kein Code gefunden. Run wird pausiert, erneuter Versuch startet mit nächstem Durchlauf.
Warte auf Antwort von Gemini...
Kein Code gefunden. Run wird pausiert, erneuter Versuch startet mit nächstem Durchlauf.
Warte auf Antwort von Gemini...
Kein Code gefunden. Run wird pausiert, erneuter Versuch startet mit nächstem Durchlauf.
Warte auf Antwort von Gemini...
Kein Code gefunden. Run wird pausiert, erneuter Versuch startet mit nächstem Durchlauf.
Warte auf Antwort von Gemini...
Kein Code gefunden. Run wird pausiert, erneuter Versuch startet mit nächstem Durchlauf.
Warte auf Antwort von Gemini...
Kein Code gefunden. Run wird pausiert, erneuter Versuch startet mit nächstem Durchlauf.
Warte auf Antwort von Gemini...
Kein Code gefunden. Run wird pausiert, erneuter Versuch startet mit nächstem Durchlauf.
Warte auf Antwort von Gemini...
Kein Code gefunden. Run wird pausiert, erneuter Versuch startet mit nächstem Durchlauf.
Warte auf Antwort von Gemini...
Kein Code gefunden. Run wird pausiert, erneuter Versuch startet mit nächstem Durchlauf.
Warte auf Antwort von Gemini...
Kein Code gefunden. Run wird pausiert, erneuter Versuch startet mit nächstem Durchlauf.
Warte auf Antwort von Gemini...
Kein Code gefunden. Run wird pausiert, erneuter Versuch startet mit nächstem Durchlauf.
Warte auf Antwort von Gemini...
Kein Code gefunden. Run wird pausiert, erneuter Versuch startet mit nächstem Durchlauf.
Warte auf Antwort von Gemini...
Kein Code gefunden. Run wird pausiert, erneuter Versuch startet mit nächstem Durchlauf.
Warte auf Antwort von Gemini...
Kein Code gefunden. Run wird pausiert, erneuter Versuch startet mit nächstem Durchlauf.
Warte auf Antwort von Gemini...
Kein Code gefunden. Run wird pausiert, erneuter Versuch startet mit nächstem Durchlauf.
Warte auf Antwort von Gemini...
Kein Code gefunden. Run wird pausiert, erneuter Versuch startet mit nächstem Durchlauf.
Warte auf Antwort von Gemini...
Kein Code gefunden. Run wird pausiert, erneuter Versuch startet mit nächstem Durchlauf.
Warte auf Antwort von Gemini...
Kein Code gefunden. Run wird pausiert, erneuter Versuch startet mit nächstem Durchlauf.
Warte auf Antwort von Gemini...
Kein Code gefunden. Run wird pausiert, erneuter Versuch startet mit nächstem Durchlauf.
Warte auf Antwort von Gemini...
Kein Code gefunden. Run wird pausiert, erneuter Versuch startet mit nächstem Durchlauf.
Warte auf Antwort von Gemini...
Kein Code gefunden. Run wird pausiert, erneuter Versuch startet mit nächstem Durchlauf.
Warte auf Antwort von Gemini...
Kein Code gefunden. Run wird pausiert, erneuter Versuch startet mit nächstem Durchlauf.
Warte auf Antwort von Gemini...
Kein Code gefunden. Run wird pausiert, erneuter Versuch startet mit nächstem Durchlauf.
Warte auf Antwort von Gemini...
Kein Code gefunden. Run wird pausiert, erneuter Versuch startet mit nächstem Durchlauf.
Warte auf Antwort von Gemini...
Kein Code gefunden. Run wird pausiert, erneuter Versuch startet mit nächstem Durchlauf.
Warte auf Antwort von Gemini...
Kein Code gefunden. Run wird pausiert, erneuter Versuch startet mit nächstem Durchlauf.
Warte auf Antwort von Gemini...
Kein Code gefunden. Run wird pausiert, erneuter Versuch startet mit nächstem Durchlauf.
Warte auf Antwort von Gemini...
Kein Code gefunden. Run wird pausiert, erneuter Versuch startet mit nächstem Durchlauf.
Warte auf Antwort von Gemini...
Kein Code gefunden. Run wird pausiert, erneuter Versuch startet mit nächstem Durchlauf.
Warte auf Antwort von Gemini...
Kein Code gefunden. Run wird pausiert, erneuter Versuch startet mit nächstem Durchlauf.
Warte auf Antwort von Gemini...
Kein Code gefunden. Run wird pausiert, erneuter Versuch startet mit nächstem Durchlauf.
Warte auf Antwort von Gemini...
Kein Code gefunden. Run wird pausiert, erneuter Versuch startet mit nächstem Durchlauf.
Warte auf Antwort von Gemini...
Kein Code gefunden. Run wird pausiert, erneuter Versuch startet mit nächstem Durchlauf.
Warte auf Antwort von Gemini...
Kein Code gefunden. Run wird pausiert, erneuter Versuch startet mit nächstem Durchlauf.
Warte auf Antwort von Gemini...
Kein Code gefunden. Run wird pausiert, erneuter Versuch startet mit nächstem Durchlauf.
Warte auf Antwort von Gemini...
Kein Code gefunden. Run wird pausiert, erneuter Versuch startet mit nächstem Durchlauf.
Warte auf Antwort von Gemini...
Kein Code gefunden. Run wird pausiert, erneuter Versuch startet mit nächstem Durchlauf.
Warte auf Antwort von Gemini...
Kein Code gefunden. Run wird pausiert, erneuter Versuch startet mit nächstem Durchlauf.
Warte auf Antwort von Gemini...
Kein Code gefunden. Run wird pausiert, erneuter Versuch startet mit nächstem Durchlauf.
Warte auf Antwort von Gemini...
Kein Code gefunden. Run wird pausiert, erneuter Versuch startet mit nächstem Durchlauf.
Warte auf Antwort von Gemini...
Kein Code gefunden. Run wird pausiert, erneuter Versuch startet mit nächstem Durchlauf.
Warte auf Antwort von Gemini...
Kein Code gefunden. Run wird pausiert, erneuter Versuch startet mit nächstem Durchlauf.
Warte auf Antwort von Gemini...
Kein Code gefunden. Run wird pausiert, erneuter Versuch startet mit nächstem Durchlauf.
Warte auf Antwort von Gemini...
Kein Code gefunden. Run wird pausiert, erneuter Versuch startet mit nächstem Durchlauf.
Warte auf Antwort von Gemini...
Kein Code gefunden. Run wird pausiert, erneuter Versuch startet mit nächstem Durchlauf.
Warte auf Antwort von Gemini...
Kein Code gefunden. Run wird pausiert, erneuter Versuch startet mit nächstem Durchlauf.
Warte auf Antwort von Gemini...
Kein Code gefunden. Run wird pausiert, erneuter Versuch startet mit nächstem Durchlauf.
Warte auf Antwort von Gemini...
Kein Code gefunden. Run wird pausiert, erneuter Versuch startet mit nächstem Durchlauf.
Warte auf Antwort von Gemini...
Kein Code gefunden. Run wird pausiert, erneuter Versuch startet mit nächstem Durchlauf.
Warte auf Antwort von Gemini...
Kein Code gefunden. Run wird pausiert, erneuter Versuch startet mit nächstem Durchlauf.
Warte auf Antwort von Gemini...
Kein Code gefunden. Run wird pausiert, erneuter Versuch startet mit nächstem Durchlauf.
Warte auf Antwort von Gemini...
Kein Code gefunden. Run wird pausiert, erneuter Versuch startet mit nächstem Durchlauf.
Warte auf Antwort von Gemini...
Kein Code gefunden. Run wird pausiert, erneuter Versuch startet mit nächstem Durchlauf.
Warte auf Antwort von Gemini...
Kein Code gefunden. Run wird pausiert, erneuter Versuch startet mit nächstem Durchlauf.
Warte auf Antwort von Gemini...
Kein Code gefunden. Run wird pausiert, erneuter Versuch startet mit nächstem Durchlauf.
Warte auf Antwort von Gemini...
Kein Code gefunden. Run wird pausiert, erneuter Versuch startet mit nächstem Durchlauf.
Warte auf Antwort von Gemini...
Kein Code gefunden. Run wird pausiert, erneuter Versuch startet mit nächstem Durchlauf.
Warte auf Antwort von Gemini...
Kein Code gefunden. Run wird pausiert, erneuter Versuch startet mit nächstem Durchlauf.
Warte auf Antwort von Gemini...
Kein Code gefunden. Run wird pausiert, erneuter Versuch startet mit nächstem Durchlauf.
Warte auf Antwort von Gemini...
Kein Code gefunden. Run wird pausiert, erneuter Versuch startet mit nächstem Durchlauf.
Warte auf Antwort von Gemini...
Kein Code gefunden. Run wird pausiert, erneuter Versuch startet mit nächstem Durchlauf.
Warte auf Antwort von Gemini...
Kein Code gefunden. Run wird pausiert, erneuter Versuch startet mit nächstem Durchlauf.
Warte auf Antwort von Gemini...
Kein Code gefunden. Run wird pausiert, erneuter Versuch startet mit nächstem Durchlauf.
Warte auf Antwort von Gemini...
Kein Code gefunden. Run wird pausiert, erneuter Versuch startet mit nächstem Durchlauf.
Warte auf Antwort von Gemini...
Kein Code gefunden. Run wird pausiert, erneuter Versuch startet mit nächstem Durchlauf.
Warte auf Antwort von Gemini...
Kein Code gefunden. Run wird pausiert, erneuter Versuch startet mit nächstem Durchlauf.
Warte auf Antwort von Gemini...
Kein Code gefunden. Run wird pausiert, erneuter Versuch startet mit nächstem Durchlauf.
Warte auf Antwort von Gemini...
Kein Code gefunden. Run wird pausiert, erneuter Versuch startet mit nächstem Durchlauf.
Warte auf Antwort von Gemini...
Kein Code gefunden. Run wird pausiert, erneuter Versuch startet mit nächstem Durchlauf.
Warte auf Antwort von Gemini...
Kein Code gefunden. Run wird pausiert, erneuter Versuch startet mit nächstem Durchlauf.
Warte auf Antwort von Gemini...
Kein Code gefunden. Run wird pausiert, erneuter Versuch startet mit nächstem Durchlauf.
Warte auf Antwort von Gemini...
Kein Code gefunden. Run wird pausiert, erneuter Versuch startet mit nächstem Durchlauf.
Warte auf Antwort von Gemini...
Kein Code gefunden. Run wird pausiert, erneuter Versuch startet mit nächstem Durchlauf.
Warte auf Antwort von Gemini...
Kein Code gefunden. Run wird pausiert, erneuter Versuch startet mit nächstem Durchlauf.
Warte auf Antwort von Gemini...
Kein Code gefunden. Run wird pausiert, erneuter Versuch startet mit nächstem Durchlauf.
Warte auf Antwort von Gemini...
Kein Code gefunden. Run wird pausiert, erneuter Versuch startet mit nächstem Durchlauf.
Warte auf Antwort von Gemini...
Kein Code gefunden. Run wird pausiert, erneuter Versuch startet mit nächstem Durchlauf.
Warte auf Antwort von Gemini...
Kein Code gefunden. Run wird pausiert, erneuter Versuch startet mit nächstem Durchlauf.
Warte auf Antwort von Gemini...
Kein Code gefunden. Run wird pausiert, erneuter Versuch startet mit nächstem Durchlauf.
Warte auf Antwort von Gemini...
Kein Code gefunden. Run wird pausiert, erneuter Versuch startet mit nächstem Durchlauf.
Warte auf Antwort von Gemini...
Kein Code gefunden. Run wird pausiert, erneuter Versuch startet mit nächstem Durchlauf.
Warte auf Antwort von Gemini...
Kein Code gefunden. Run wird pausiert, erneuter Versuch startet mit nächstem Durchlauf.
Warte auf Antwort von Gemini...
Kein Code gefunden. Run wird pausiert, erneuter Versuch startet mit nächstem Durchlauf.
Warte auf Antwort von Gemini...
Kein Code gefunden. Run wird pausiert, erneuter Versuch startet mit nächstem Durchlauf.
Warte auf Antwort von Gemini...
Kein Code gefunden. Run wird pausiert, erneuter Versuch startet mit nächstem Durchlauf.
Warte auf Antwort von Gemini...
Kein Code gefunden. Run wird pausiert, erneuter Versuch startet mit nächstem Durchlauf.
Warte auf Antwort von Gemini...
Kein Code gefunden. Run wird pausiert, erneuter Versuch startet mit nächstem Durchlauf.
Warte auf Antwort von Gemini...
Kein Code gefunden. Run wird pausiert, erneuter Versuch startet mit nächstem Durchlauf.
Warte auf Antwort von Gemini...
Kein Code gefunden. Run wird pausiert, erneuter Versuch startet mit nächstem Durchlauf.
Warte auf Antwort von Gemini...
Kein Code gefunden. Run wird pausiert, erneuter Versuch startet mit nächstem Durchlauf.
Warte auf Antwort von Gemini...
Kein Code gefunden. Run wird pausiert, erneuter Versuch startet mit nächstem Durchlauf.
Warte auf Antwort von Gemini...
Kein Code gefunden. Run wird pausiert, erneuter Versuch startet mit nächstem Durchlauf.
Warte auf Antwort von Gemini...
Kein Code gefunden. Run wird pausiert, erneuter Versuch startet mit nächstem Durchlauf.
Warte auf Antwort von Gemini...
Kein Code gefunden. Run wird pausiert, erneuter Versuch startet mit nächstem Durchlauf.
Warte auf Antwort von Gemini...
Kein Code gefunden. Run wird pausiert, erneuter Versuch startet mit nächstem Durchlauf.
Warte auf Antwort von Gemini...
Kein Code gefunden. Run wird pausiert, erneuter Versuch startet mit nächstem Durchlauf.
Warte auf Antwort von Gemini...
Kein Code gefunden. Run wird pausiert, erneuter Versuch startet mit nächstem Durchlauf.
Warte auf Antwort von Gemini...
Kein Code gefunden. Run wird pausiert, erneuter Versuch startet mit nächstem Durchlauf.
Warte auf Antwort von Gemini...
Kein Code gefunden. Run wird pausiert, erneuter Versuch startet mit nächstem Durchlauf.
Warte auf Antwort von Gemini...
Kein Code gefunden. Run wird pausiert, erneuter Versuch startet mit nächstem Durchlauf.
Warte auf Antwort von Gemini...
Kein Code gefunden. Run wird pausiert, erneuter Versuch startet mit nächstem Durchlauf.
Warte auf Antwort von Gemini...
Kein Code gefunden. Run wird pausiert, erneuter Versuch startet mit nächstem Durchlauf.
Warte auf Antwort von Gemini...
Kein Code gefunden. Run wird pausiert, erneuter Versuch startet mit nächstem Durchlauf.
Warte auf Antwort von Gemini...
Kein Code gefunden. Run wird pausiert, erneuter Versuch startet mit nächstem Durchlauf.
Warte auf Antwort von Gemini...
Kein Code gefunden. Run wird pausiert, erneuter Versuch startet mit nächstem Durchlauf.
Warte auf Antwort von Gemini...
Kein Code gefunden. Run wird pausiert, erneuter Versuch startet mit nächstem Durchlauf.
Warte auf Antwort von Gemini...
Kein Code gefunden. Run wird pausiert, erneuter Versuch startet mit nächstem Durchlauf.
Warte auf Antwort von Gemini...
Kein Code gefunden. Run wird pausiert, erneuter Versuch startet mit nächstem Durchlauf.
Warte auf Antwort von Gemini...
Kein Code gefunden. Run wird pausiert, erneuter Versuch startet mit nächstem Durchlauf.
Warte auf Antwort von Gemini...
Kein Code gefunden. Run wird pausiert, erneuter Versuch startet mit nächstem Durchlauf.
Warte auf Antwort von Gemini...
Kein Code gefunden. Run wird pausiert, erneuter Versuch startet mit nächstem Durchlauf.
Warte auf Antwort von Gemini...
Kein Code gefunden. Run wird pausiert, erneuter Versuch startet mit nächstem Durchlauf.
Warte auf Antwort von Gemini...
Kein Code gefunden. Run wird pausiert, erneuter Versuch startet mit nächstem Durchlauf.
Warte auf Antwort von Gemini...
Kein Code gefunden. Run wird pausiert, erneuter Versuch startet mit nächstem Durchlauf.
Warte auf Antwort von Gemini...
Kein Code gefunden. Run wird pausiert, erneuter Versuch startet mit nächstem Durchlauf.
Warte auf Antwort von Gemini...
Kein Code gefunden. Run wird pausiert, erneuter Versuch startet mit nächstem Durchlauf.
Warte auf Antwort von Gemini...
Kein Code gefunden. Run wird pausiert, erneuter Versuch startet mit nächstem Durchlauf.
Warte auf Antwort von Gemini...
Kein Code gefunden. Run wird pausiert, erneuter Versuch startet mit nächstem Durchlauf.
Warte auf Antwort von Gemini...
Kein Code gefunden. Run wird pausiert, erneuter Versuch startet mit nächstem Durchlauf.
Warte auf Antwort von Gemini...
Kein Code gefunden. Run wird pausiert, erneuter Versuch startet mit nächstem Durchlauf.
Warte auf Antwort von Gemini...
Kein Code gefunden. Run wird pausiert, erneuter Versuch startet mit nächstem Durchlauf.
Warte auf Antwort von Gemini...
Kein Code gefunden. Run wird pausiert, erneuter Versuch startet mit nächstem Durchlauf.
Warte auf Antwort von Gemini...
Kein Code gefunden. Run wird pausiert, erneuter Versuch startet mit nächstem Durchlauf.
Warte auf Antwort von Gemini...
Kein Code gefunden. Run wird pausiert, erneuter Versuch startet mit nächstem Durchlauf.
Warte auf Antwort von Gemini...
Kein Code gefunden. Run wird pausiert, erneuter Versuch startet mit nächstem Durchlauf.
Warte auf Antwort von Gemini...
Kein Code gefunden. Run wird pausiert, erneuter Versuch startet mit nächstem Durchlauf.
Warte auf Antwort von Gemini...
Kein Code gefunden. Run wird pausiert, erneuter Versuch startet mit nächstem Durchlauf.
Warte auf Antwort von Gemini...
Kein Code gefunden. Run wird pausiert, erneuter Versuch startet mit nächstem Durchlauf.
Warte auf Antwort von Gemini...
Kein Code gefunden. Run wird pausiert, erneuter Versuch startet mit nächstem Durchlauf.
Warte auf Antwort von Gemini...
Kein Code gefunden. Run wird pausiert, erneuter Versuch startet mit nächstem Durchlauf.
Warte auf Antwort von Gemini...
Kein Code gefunden. Run wird pausiert, erneuter Versuch startet mit nächstem Durchlauf.
Warte auf Antwort von Gemini...
Kein Code gefunden. Run wird pausiert, erneuter Versuch startet mit nächstem Durchlauf.
Warte auf Antwort von Gemini...
Kein Code gefunden. Run wird pausiert, erneuter Versuch startet mit nächstem Durchlauf.
Warte auf Antwort von Gemini...
Kein Code gefunden. Run wird pausiert, erneuter Versuch startet mit nächstem Durchlauf.
Warte auf Antwort von Gemini...
Kein Code gefunden. Run wird pausiert, erneuter Versuch startet mit nächstem Durchlauf.
Warte auf Antwort von Gemini...
Kein Code gefunden. Run wird pausiert, erneuter Versuch startet mit nächstem Durchlauf.
Warte auf Antwort von Gemini...
Kein Code gefunden. Run wird pausiert, erneuter Versuch startet mit nächstem Durchlauf.
Warte auf Antwort von Gemini...
Kein Code gefunden. Run wird pausiert, erneuter Versuch startet mit nächstem Durchlauf.
Warte auf Antwort von Gemini...
Kein Code gefunden. Run wird pausiert, erneuter Versuch startet mit nächstem Durchlauf.
Warte auf Antwort von Gemini...
Kein Code gefunden. Run wird pausiert, erneuter Versuch startet mit nächstem Durchlauf.
Warte auf Antwort von Gemini...
Kein Code gefunden. Run wird pausiert, erneuter Versuch startet mit nächstem Durchlauf.
Warte auf Antwort von Gemini...
Kein Code gefunden. Run wird pausiert, erneuter Versuch startet mit nächstem Durchlauf.
Warte auf Antwort von Gemini...
Kein Code gefunden. Run wird pausiert, erneuter Versuch startet mit nächstem Durchlauf.
Warte auf Antwort von Gemini...
Kein Code gefunden. Run wird pausiert, erneuter Versuch startet mit nächstem Durchlauf.
Warte auf Antwort von Gemini...
Kein Code gefunden. Run wird pausiert, erneuter Versuch startet mit nächstem Durchlauf.
Warte auf Antwort von Gemini...
Kein Code gefunden. Run wird pausiert, erneuter Versuch startet mit nächstem Durchlauf.
Warte auf Antwort von Gemini...
Kein Code gefunden. Run wird pausiert, erneuter Versuch startet mit nächstem Durchlauf.
Warte auf Antwort von Gemini...
Kein Code gefunden. Run wird pausiert, erneuter Versuch startet mit nächstem Durchlauf.
Warte auf Antwort von Gemini...
Kein Code gefunden. Run wird pausiert, erneuter Versuch startet mit nächstem Durchlauf.
Warte auf Antwort von Gemini...
Kein Code gefunden. Run wird pausiert, erneuter Versuch startet mit nächstem Durchlauf.
Warte auf Antwort von Gemini...
Kein Code gefunden. Run wird pausiert, erneuter Versuch startet mit nächstem Durchlauf.
Warte auf Antwort von Gemini...
Kein Code gefunden. Run wird pausiert, erneuter Versuch startet mit nächstem Durchlauf.
Warte auf Antwort von Gemini...
Kein Code gefunden. Run wird pausiert, erneuter Versuch startet mit nächstem Durchlauf.
Warte auf Antwort von Gemini...
Kein Code gefunden. Run wird pausiert, erneuter Versuch startet mit nächstem Durchlauf.
Warte auf Antwort von Gemini...
Kein Code gefunden. Run wird pausiert, erneuter Versuch startet mit nächstem Durchlauf.
Warte auf Antwort von Gemini...
Kein Code gefunden. Run wird pausiert, erneuter Versuch startet mit nächstem Durchlauf.
Warte auf Antwort von Gemini...
Kein Code gefunden. Run wird pausiert, erneuter Versuch startet mit nächstem Durchlauf.
Warte auf Antwort von Gemini...
Kein Code gefunden. Run wird pausiert, erneuter Versuch startet mit nächstem Durchlauf.
Warte auf Antwort von Gemini...
Kein Code gefunden. Run wird pausiert, erneuter Versuch startet mit nächstem Durchlauf.
Warte auf Antwort von Gemini...
Kein Code gefunden. Run wird pausiert, erneuter Versuch startet mit nächstem Durchlauf.
Warte auf Antwort von Gemini...
Kein Code gefunden. Run wird pausiert, erneuter Versuch startet mit nächstem Durchlauf.
Warte auf Antwort von Gemini...
Kein Code gefunden. Run wird pausiert, erneuter Versuch startet mit nächstem Durchlauf.
Warte auf Antwort von Gemini...
Kein Code gefunden. Run wird pausiert, erneuter Versuch startet mit nächstem Durchlauf.
Warte auf Antwort von Gemini...
Kein Code gefunden. Run wird pausiert, erneuter Versuch startet mit nächstem Durchlauf.
Warte auf Antwort von Gemini...
Kein Code gefunden. Run wird pausiert, erneuter Versuch startet mit nächstem Durchlauf.
Warte auf Antwort von Gemini...
Kein Code gefunden. Run wird pausiert, erneuter Versuch startet mit nächstem Durchlauf.
Warte auf Antwort von Gemini...
Kein Code gefunden. Run wird pausiert, erneuter Versuch startet mit nächstem Durchlauf.
Warte auf Antwort von Gemini...
Kein Code gefunden. Run wird pausiert, erneuter Versuch startet mit nächstem Durchlauf.
Warte auf Antwort von Gemini...
Kein Code gefunden. Run wird pausiert, erneuter Versuch startet mit nächstem Durchlauf.
Warte auf Antwort von Gemini...
Kein Code gefunden. Run wird pausiert, erneuter Versuch startet mit nächstem Durchlauf.
Warte auf Antwort von Gemini...
Kein Code gefunden. Run wird pausiert, erneuter Versuch startet mit nächstem Durchlauf.
Warte auf Antwort von Gemini...
Kein Code gefunden. Run wird pausiert, erneuter Versuch startet mit nächstem Durchlauf.
Warte auf Antwort von Gemini...
Kein Code gefunden. Run wird pausiert, erneuter Versuch startet mit nächstem Durchlauf.
Warte auf Antwort von Gemini...
Kein Code gefunden. Run wird pausiert, erneuter Versuch startet mit nächstem Durchlauf.
Warte auf Antwort von Gemini...
Kein Code gefunden. Run wird pausiert, erneuter Versuch startet mit nächstem Durchlauf.
Warte auf Antwort von Gemini...
Kein Code gefunden. Run wird pausiert, erneuter Versuch startet mit nächstem Durchlauf.
Warte auf Antwort von Gemini...
Kein Code gefunden. Run wird pausiert, erneuter Versuch startet mit nächstem Durchlauf.
Warte auf Antwort von Gemini...
Kein Code gefunden. Run wird pausiert, erneuter Versuch startet mit nächstem Durchlauf.
Warte auf Antwort von Gemini...
Kein Code gefunden. Run wird pausiert, erneuter Versuch startet mit nächstem Durchlauf.
Warte auf Antwort von Gemini...
Kein Code gefunden. Run wird pausiert, erneuter Versuch startet mit nächstem Durchlauf.
Warte auf Antwort von Gemini...
Kein Code gefunden. Run wird pausiert, erneuter Versuch startet mit nächstem Durchlauf.
Warte auf Antwort von Gemini...
Kein Code gefunden. Run wird pausiert, erneuter Versuch startet mit nächstem Durchlauf.
Warte auf Antwort von Gemini...
Kein Code gefunden. Run wird pausiert, erneuter Versuch startet mit nächstem Durchlauf.
Warte auf Antwort von Gemini...
Kein Code gefunden. Run wird pausiert, erneuter Versuch startet mit nächstem Durchlauf.
Warte auf Antwort von Gemini...
Kein Code gefunden. Run wird pausiert, erneuter Versuch startet mit nächstem Durchlauf.
Warte auf Antwort von Gemini...
Kein Code gefunden. Run wird pausiert, erneuter Versuch startet mit nächstem Durchlauf.
Warte auf Antwort von Gemini...
Kein Code gefunden. Run wird pausiert, erneuter Versuch startet mit nächstem Durchlauf.
Warte auf Antwort von Gemini...
Kein Code gefunden. Run wird pausiert, erneuter Versuch startet mit nächstem Durchlauf.
Warte auf Antwort von Gemini...
Kein Code gefunden. Run wird pausiert, erneuter Versuch startet mit nächstem Durchlauf.
Warte auf Antwort von Gemini...
Kein Code gefunden. Run wird pausiert, erneuter Versuch startet mit nächstem Durchlauf.
Warte auf Antwort von Gemini...
Kein Code gefunden. Run wird pausiert, erneuter Versuch startet mit nächstem Durchlauf.
Warte auf Antwort von Gemini...
Kein Code gefunden. Run wird pausiert, erneuter Versuch startet mit nächstem Durchlauf.
Warte auf Antwort von Gemini...
Kein Code gefunden. Run wird pausiert, erneuter Versuch startet mit nächstem Durchlauf.
Warte auf Antwort von Gemini...
Kein Code gefunden. Run wird pausiert, erneuter Versuch startet mit nächstem Durchlauf.
Warte auf Antwort von Gemini...
Kein Code gefunden. Run wird pausiert, erneuter Versuch startet mit nächstem Durchlauf.
Warte auf Antwort von Gemini...
Kein Code gefunden. Run wird pausiert, erneuter Versuch startet mit nächstem Durchlauf.
Warte auf Antwort von Gemini...
Kein Code gefunden. Run wird pausiert, erneuter Versuch startet mit nächstem Durchlauf.
Warte auf Antwort von Gemini...
Kein Code gefunden. Run wird pausiert, erneuter Versuch startet mit nächstem Durchlauf.
Warte auf Antwort von Gemini...
Kein Code gefunden. Run wird pausiert, erneuter Versuch startet mit nächstem Durchlauf.
Warte auf Antwort von Gemini...
Kein Code gefunden. Run wird pausiert, erneuter Versuch startet mit nächstem Durchlauf.
Warte auf Antwort von Gemini...
Kein Code gefunden. Run wird pausiert, erneuter Versuch startet mit nächstem Durchlauf.
Warte auf Antwort von Gemini...
Kein Code gefunden. Run wird pausiert, erneuter Versuch startet mit nächstem Durchlauf.
Warte auf Antwort von Gemini...
Kein Code gefunden. Run wird pausiert, erneuter Versuch startet mit nächstem Durchlauf.
Warte auf Antwort von Gemini...
Kein Code gefunden. Run wird pausiert, erneuter Versuch startet mit nächstem Durchlauf.
Warte auf Antwort von Gemini...
Kein Code gefunden. Run wird pausiert, erneuter Versuch startet mit nächstem Durchlauf.
Warte auf Antwort von Gemini...
Kein Code gefunden. Run wird pausiert, erneuter Versuch startet mit nächstem Durchlauf.
Warte auf Antwort von Gemini...
Kein Code gefunden. Run wird pausiert, erneuter Versuch startet mit nächstem Durchlauf.
Warte auf Antwort von Gemini...
Kein Code gefunden. Run wird pausiert, erneuter Versuch startet mit nächstem Durchlauf.
Warte auf Antwort von Gemini...
Kein Code gefunden. Run wird pausiert, erneuter Versuch startet mit nächstem Durchlauf.
Warte auf Antwort von Gemini...
Kein Code gefunden. Run wird pausiert, erneuter Versuch startet mit nächstem Durchlauf.
Warte auf Antwort von Gemini...
Guard: coverage=0.00, overlap=0.00, decision=retry
Guard verlangt Wiederholung (Versuch 1/3).
Warte auf Antwort von Gemini...
Guard: coverage=1.00, overlap=1.00, decision=pass
Antwort gespeichert. Nächster Durchgang...
Warte auf Antwort von Gemini...
Guard: coverage=1.00, overlap=0.99, decision=pass
Antwort gespeichert. Nächster Durchgang...
Warte auf Antwort von Gemini...
Guard: coverage=1.00, overlap=1.00, decision=pass
Erfolg: 3 Datensätze in tafsir_analysis_katheer eingefügt.
Erfolg: 10 Blocks in tafsir_analysis_katheer_blocks eingefügt.
Erfolg: 29 Chunks in tafsir_analysis_katheer_chunks eingefügt.
Antwort gespeichert. Nächster Durchgang...
Antwort gespeichert. Nächster Durchgang...
Warte auf Antwort von Gemini...
Kein Code gefunden. Run wird pausiert, erneuter Versuch startet mit nächstem Durchlauf.
Warte auf Antwort von Gemini...
Kein Code gefunden. Run wird pausiert, erneuter Versuch startet mit nächstem Durchlauf.
Warte auf Antwort von Gemini...
Kein Code gefunden. Run wird pausiert, erneuter Versuch startet mit nächstem Durchlauf.
Warte auf Antwort von Gemini...
Kein Code gefunden. Run wird pausiert, erneuter Versuch startet mit nächstem Durchlauf.
Warte auf Antwort von Gemini...
Kein Code gefunden. Run wird pausiert, erneuter Versuch startet mit nächstem Durchlauf.
Warte auf Antwort von Gemini...
Kein Code gefunden. Run wird pausiert, erneuter Versuch startet mit nächstem Durchlauf.
Warte auf Antwort von Gemini...
Guard: coverage=0.99, overlap=0.99, decision=pass
Antwort gespeichert. Nächster Durchgang...
Warte auf Antwort von Gemini...
Guard: coverage=0.99, overlap=0.97, decision=pass
Antwort gespeichert. Nächster Durchgang...
Warte auf Antwort von Gemini...
Guard: coverage=1.00, overlap=1.00, decision=pass
Antwort gespeichert. Nächster Durchgang...
Warte auf Antwort von Gemini...
Guard: coverage=0.00, overlap=0.00, decision=retry
Guard verlangt Wiederholung (Versuch 1/3).
Warte auf Antwort von Gemini...
Guard: coverage=0.00, overlap=0.00, decision=retry
Guard verlangt Wiederholung (Versuch 2/3).
Warte auf Antwort von Gemini...
Guard: coverage=0.00, overlap=0.00, decision=retry
Maximale Guard-Versuche erreicht; Eintrag wird übersprungen.
Warte auf Antwort von Gemini...